,card_name,card_url,card_img
0,#MY WAY(샵 마이웨이) 카드,15444,https://www.hanacard.co.kr/ATTACH/NEW_HOMEPAGE/images/cardinfo/card_img/14022.gif
1,#any 하나카드,15249,https://www.hanacard.co.kr/ATTACH/NEW_HOMEPAGE/images/cardinfo/card_img/13944.gif
2,에너지 더블 카드,16772,https://www.hanacard.co.kr/ATTACH/NEW_HOMEPAGE/images/cardinfo/card_img/14422.png
3,MULTI Living 모바일카드,12900,https://www.hanacard.co.kr/ATTACH/NEW_HOMEPAGE/images/cardinfo/card_img/13059.png
4,#tag1카드 Orange,8551,https://www.hanacard.co.kr/ATTACH/NEW_HOMEPAGE/images/cardinfo/card_img/11746.png
5,#tag1카드 Navy,8553,https://www.hanacard.co.kr/ATTACH/NEW_HOMEPAGE/images/cardinfo/card_img/11747.png
6,국민 행복 카드,12792,https://www.hanacard.co.kr/ATTACH/NEW_HOMEPAGE/images/cardinfo/card_img/13009.png
7,그린 카드,1215,https://www.hanacard.co.kr/ATTACH/NEW_HOMEPAGE/images/cardinfo/card_img/02351.png
8,하나 원큐 카드,12942,https://www.hanacard.co.kr/ATTACH/NEW_HOMEPAGE/images/cardinfo/card_img/13066.png
9,국민연금증 연금하나카드,16728,https://www.hanacard.co.kr/ATTACH/NEW_HOMEPAGE/images/cardinfo/card_img/14424.png
10,로마드 하나카드,14783,https://www.hanacard.co.kr/ATTACH/NEW_HOMEPAGE/images/cardinfo/card_img/13736.png
11,대구로 카드,16797,https://www.hanacard.co.kr/ATTACH/NEW_HOMEPAGE/images/cardinfo/card_img/14455.png
12,하나증권 캐시백 투자 카드,16936,https://www.hanacard.co.kr/ATTACH/NEW_HOMEPAGE/images/cardinfo/card_img/14430.png
13,펫 사랑 카드,12736,https://www.hanacard.co.kr/ATTACH/NEW_HOMEPAGE/images/cardinfo/card_img/12972.png
14,애터미 Any PLUS 카드,11584,https://www.hanacard.co.kr/ATTACH/NEW_HOMEPAGE/images/cardinfo/card_img/12660.png
15,Any PLUS 카드,9051,https://www.hanacard.co.kr/ATTACH/NEW_HOMEPAGE/images/cardinfo/card_img/11896.png
16,하나멤버스 1Q(원큐) 카드 ALL in,4984,https://www.hanacard.co.kr/ATTACH/NEW_HOMEPAGE/images/cardinfo/card_img/10385.png
17,1Q Special+,7968,https://www.hanacard.co.kr/ATTACH/NEW_HOMEPAGE/images/cardinfo/card_img/11533.png
18,하나멤버스 1Q(원큐) 카드 Special,4986,https://www.hanacard.co.kr/ATTACH/NEW_HOMEPAGE/images/cardinfo/card_img/10326.png
19,CLUB SK(클럽 SK)카드,1544,https://www.hanacard.co.kr/ATTACH/NEW_HOMEPAGE/images/cardinfo/card_img/03496.png
20,MULTI Oil 모바일카드,12932,https://www.hanacard.co.kr/ATTACH/NEW_HOMEPAGE/images/cardinfo/card_img/13060.png
21,후불하이패스 카드,3154,https://www.hanacard.co.kr/ATTACH/NEW_HOMEPAGE/images/cardinfo/card_img/80979.png
22,차이 신용카드,14443,https://www.hanacard.co.kr/ATTACH/NEW_HOMEPAGE/images/cardinfo/card_img/13558.png
23,알뜰교통 my pass 마패 신용카드(Hana-BC),14185,https://www.hanacard.co.kr/ATTACH/NEW_HOMEPAGE/images/cardinfo/card_img/12709.png
24,트래블로그 신용카드,16787,https://www.hanacard.co.kr/ATTACH/NEW_HOMEPAGE/images/cardinfo/card_img/14404.gif
25,하나 스카이패스 아멕스 플래티늄 카드,13912,https://www.hanacard.co.kr/ATTACH/NEW_HOMEPAGE/images/cardinfo/card_img/13351.png
26,밀리언달러 하나카드,14409,https://www.hanacard.co.kr/ATTACH/NEW_HOMEPAGE/images/cardinfo/card_img/13579.png
27,Mile 1.6 대한항공,8317,https://www.hanacard.co.kr/ATTACH/NEW_HOMEPAGE/images/cardinfo/card_img/11662.png
28,Mile 1.6 아시아나,8318,https://www.hanacard.co.kr/ATTACH/NEW_HOMEPAGE/images/cardinfo/card_img/11661.png
29,My Trip SKYPASS 카드 My flight,9911,https://www.hanacard.co.kr/ATTACH/NEW_HOMEPAGE/images/cardinfo/card_img/12552.png
30,My Trip AsianaClub 카드 My flight,9913,https://www.hanacard.co.kr/ATTACH/NEW_HOMEPAGE/images/cardinfo/card_img/12553.png
31,My Trip 1Q Global VIVA,11155,https://www.hanacard.co.kr/ATTACH/NEW_HOMEPAGE/images/cardinfo/card_img/12554.png
32,토스(toss) 하나카드,11799,https://www.hanacard.co.kr/ATTACH/NEW_HOMEPAGE/images/cardinfo/card_img/12696.png
33,Mile1 하나카드,16883,https://www.hanacard.co.kr/ATTACH/NEW_HOMEPAGE/images/cardinfo/card_img/14480.png
34,JADE Classic,17504,https://www.hanacard.co.kr/ATTACH/NEW_HOMEPAGE/images/cardinfo/card_img/14955.gif
35,Club Leaders 3 카드,16763,https://www.hanacard.co.kr/ATTACH/MOBILE_APP/images/card/14465.png
36,Club Leaders 5 카드,16761,https://www.hanacard.co.kr/ATTACH/NEW_HOMEPAGE/images/cardinfo/card_img/14423.png
37,Club Leaders 8 카드,16759,https://www.hanacard.co.kr/ATTACH/NEW_HOMEPAGE/images/cardinfo/card_img/14466.png
38,Club Leaders 10 카드,16909,https://www.hanacard.co.kr/ATTACH/NEW_HOMEPAGE/images/cardinfo/card_img/14484.png
39,Club Leaders 15 카드,16911,https://www.hanacard.co.kr/ATTACH/NEW_HOMEPAGE/images/cardinfo/card_img/14485.png
40,하나 CLUB H 아메리칸 익스프레스 리저브 카드,15124,https://www.hanacard.co.kr/ATTACH/NEW_HOMEPAGE/images/cardinfo/card_img/13898.png
41,CLUB Primus Skypass 카드,9727,https://www.hanacard.co.kr/ATTACH/NEW_HOMEPAGE/images/cardinfo/card_img/12121.png
42,CLUB Signature SKYPASS 카드,9892,https://www.hanacard.co.kr/ATTACH/NEW_HOMEPAGE/images/cardinfo/card_img/11925.png
43,CLUB Premier Hotel 카드,8874,https://www.hanacard.co.kr/ATTACH/NEW_HOMEPAGE/images/cardinfo/card_img/11765.png
44,CLUB Primus Asiana Club 카드,9728,https://www.hanacard.co.kr/ATTACH/NEW_HOMEPAGE/images/cardinfo/card_img/12122.png
45,CLUB Signature Asiana Club 카드,9893,https://www.hanacard.co.kr/ATTACH/NEW_HOMEPAGE/images/cardinfo/card_img/11926.png
46,CLUB Premier Travel 카드,8876,https://www.hanacard.co.kr/ATTACH/NEW_HOMEPAGE/images/cardinfo/card_img/11766.png
47,CLUB Primus Point 카드,9729,https://www.hanacard.co.kr/ATTACH/NEW_HOMEPAGE/images/cardinfo/card_img/12123.png
48,CLUB1카드 200,759,https://www.hanacard.co.kr/ATTACH/NEW_HOMEPAGE/images/cardinfo/card_img/02767.png
49,하나 골드클럽멤버스Ⅱ 카드,17111,https://www.hanacard.co.kr/ATTACH/NEW_HOMEPAGE/images/cardinfo/card_img/14533.png
50,하나멤버스 1Q(원큐) 카드 Business,5229,https://www.hanacard.co.kr/ATTACH/NEW_HOMEPAGE/images/cardinfo/card_img/10694.png
51,하나멤버스 1Q 카드 Special Auto,11746,https://www.hanacard.co.kr/ATTACH/NEW_HOMEPAGE/images/cardinfo/card_img/12739.png
52,하나 햇살론 카드,14246,https://www.hanacard.co.kr/ATTACH/NEW_HOMEPAGE/images/cardinfo/card_img/13503.png
