card_company_id,name,img_url,benefits,created_at,type
5,롯데체크카드,https://image.lottecard.co.kr/UploadFiles/ecenterPath/cdInfo/ecenterCdInfoC00041-A00041_nm1.png,"<혜택>[포인트 적립] 전국 가맹점에서 롯데카드 제공 L.POINT 0.2% 적립SK주유소(LPG 제외)에서 리터당 50포인트 롯데 SK주유포인트 적립[연회비 면제] 평생 연회비가 면제됩니다.[해외이용] /해외이용 안내: [해외 가맹점 이용]해외 VISA 전 가맹점(온라인가맹점 포함)에서 일시불 거래만 가능합니다.(단, 호텔, 렌터카, 항공사, 주유소, 도박, 통신판매 등 해외 일부 업종에서 이용이 제한될 수 있습니다.)해외 이용 시 미화(USD)기준 이용 금액에 국제브랜드사가 부과하는 수수료(VISA 1%)를 포함하여 접수일의 환율 적용 후 롯데카드가 부과하는 해외 이용 수수료(0.2%)를 포함한 금액으로 출금됩니다.[해외 ATM 이용]해외 VISA 또는 PLUS/ 은련(Unionpay) 로고가 부착된 ATM에서 예금(현지통화)인출이 가능합니다.예금 인출 시 해외 이용 수수료(VISA : 인출금액의 1% + USD 3.0, 은련(Unionpay) : 건당 USD 2.5)가 포함되어 출금됩니다.국제브랜드사 수수료의 경우, 국제브랜드사 정책에 따라 달라질 수 있습니다.
",2024-03-17 15:24:00.082437,DebitCard
5,롯데포인트 플러스 체크카드,https://image.lottecard.co.kr/UploadFiles/ecenterPath/cdInfo/ecenterCdInfoC00284-A00284_nm1.png,"<적립>[더블포인트 적립 서비스] /혜택: L.POINT 모든 제휴사에서 포인트플러스 카드로 결제 시 제휴사 현장에서 적립받은 L.POINT(L.POINT 카드 기본 적립포인트)를 한 번 더 적립!/L.POINT 제휴사 안내: L.POINT 제휴사에 관한 자세한 내용은 L.POINT 홈페이지 (www.lpoint.com)에서 확인하실 수 있습니다.각 제휴사별 현장 적립포인트는 L.POINT 카드 적립률로 운영되며, 제휴사별 적립 기준에 의해 적립됩니다.각 제휴사별 현장 적립률 및 세부적립 기준은 L.POINT 홈페이지 (www.lpoint.com)에서 확인하실 수 있습니다.이 더블 적립서비스는 포인트플러스 카드로 결제하시면서 현장 적립 받으신 포인트만큼 한 번 더 적립해 드리는 서비스로, 다른 결제수단으로 결제하신 후 포인트플러스 카드로 현장 적립만 받으신 경우나 행사 등으로 제휴사에서 제공된 포인트에 대해서는 제공되지 않습니다.L.POINT 신규 제휴사가 추가 되는 경우에도 서비스가 제공됩니다.무이자 할부 이용 시 더블 포인트 적립서비스는 제공되지 않습니다.제휴사의 사정, 행사 등으로 인해 현장 적립이 제공되지 않은 매출에 대해서는 제공되지 않습니다.임대매장, 매장 내 위치한 가맹점 등과 같이 L.POINT 외 가맹점 번호를 사용하는 곳에서는 더블 적립이 제공되지 않습니다.롯데카드 제공 L.POINT는 카드결제 승인이 카드사에 접수된 이후, 영업일 기준 4일 이내에 적립됩니다.포인트로 결제한 금액에 대해서는 포인트 적립이 되지 않습니다.회원탈회, 카드도난, 분실 등의 사유로 카드사용이 정지된 경우에는 포인트 사용이 제한됩니다.매출 취소 시 취소 매출에 해당하는 포인트는 차감됩니다.위 L.POINT 제휴처에 포인트 적립을 위해 고객정보가 제공될 수 있으며, 신청서상 선택적 동의에 동의하신 경우 마케팅 활용 목적으로 고객정보가 사용될 수 있습니다.롯데멤버스㈜ 고객정보 제공에 동의한 회원에 한하여 L.POINT 적립 및 사용이 가능합니다./체크카드 해외이용 안내: [해외 가맹점 이용]해외 VISA 전 가맹점(온라인가맹점 포함)에서 일시불 거래만 가능합니다.(단, 호텔, 렌터카, 항공사, 주유소, 도박, 통신판매 등 해외 일부 업종에서 이용이 제한될 수 있습니다.)해외 이용 시 미화(USD)기준 이용 금액에 국제브랜드사가 부과하는 수수료(VISA 1%)를 포함하여 접수일의 환율 적용 후 롯데카드가 부과하는 해외 이용 수수료(0.2%)를 포함한 금액으로 출금됩니다.[해외 ATM 이용]해외 VISA 또는 PLUS 로고가 부착된 ATM에서 예금(현지통화)인출이 가능합니다.예금 인출 시 해외 이용 수수료(VISA : 인출금액의 1% + USD 3.0 : 건당 USD 2.5)가 포함되어 출금됩니다.국제브랜드사 수수료의 경우, 국제브랜드사 정책에 따라 달라질 수 있습니다.VISA 브랜드 발급은 고객센터(1588-8100)을 통해 문의 바랍니다.
<혜택더하기>[쇼핑] 롯데백화점5% 현장할인 e-쿠폰 및 무료주차권 제공쿠폰 발행월 직전 6개월간 롯데백화점에서 30만원이상 일시불 및 할부 카드 이용회원에 한하여 매월 1일, 2매 발행롯데면세점 5~10% 현장할인 (일부품목 제외)오프라인 매장 기준, 기타 할인서비스와 중복 적용 불가[뷰티] 박준뷰티랩 20% 현장 할인박승철헤어스투디오 15% 현장 할인 (프리미엄 매장 제외)다른 할인 서비스와 중복 혜택이 불가능 하며 커트, 드라이, 물품구입 및 클리닉 메뉴는 할인에서 제외됩니다.
",2024-03-17 15:24:00.452552,DebitCard
5,I♥Busan 체크카드,https://image.lottecard.co.kr/UploadFiles/ecenterPath/cdInfo/ecenterCdInfoC00361-A00361_nm1.png,"<대표혜택>[지역특화서비스] /I♥Busan 우대 가맹점 할인: 지역 유명카페 및 음식점 특별할인/지역공헌서비스: 카드 이용금액의 0.1%를 부산지역을 위한 기금 적립 및 지원[연회비 면제 및 SMS 무료 서비스] 평생 연회비가 면제되며, 카드 이용 안내 정보를 등록한 휴대폰으로 실시간 전송해 드리는 SMS 서비스는 무료입니다.
",2024-03-17 15:24:00.902058,DebitCard
5,롯데 비즈니스 체크 카드,https://image.lottecard.co.kr/UploadFiles/ecenterPath/cdInfo/ecenterCdInfoC01261-A01261_nm1.jpg,"<할인>[비즈니스 및 주유업종 할인] /할인 대상 업종: 표의 칼럼은 구분, 업종 로 이루어져 있습니다.표의 칼럼은 구분, 업종 로 이루어져 있습니다.표의 1번째 행은 문구 / 사무용품 / 렌터카 / 컴퓨터 / 통신비 / 자동차정비서점 / 조경 / 화원 / 우체국 서비스 로 이루어져 있습니다.표의 2번째 행은 스포츠센터 / 편의점 / 병원 / 보험 / 택시비 / 철도 로 이루어져 있습니다.표의 3번째 행은 주유소 (가스충전소 포함) 로 이루어져 있습니다./할인율 및 할인 한도: 표의 칼럼은 지난달 청구서상 카드 이용금액, 할인율, 월간 할인한도, 총 할인한도 로 이루어져 있습니다.표의 칼럼은 지난달 청구서상 카드 이용금액, 할인율, 월간 할인한도, 총 할인한도 로 이루어져 있습니다.표의 1번째 행은 7%, 비용절감 : 2만원복지지원 : 2만원, 4만원 로 이루어져 있습니다.표의 2번째 행은 10% + 주유 : 4%, 비용절감 : 3만원복지지원 : 4만원주유할인 : 1만원, 8만원 로 이루어져 있습니다.이용기준신규 회원님의 경우 처음 발급 후 발급월 포함 다다음달 말일까지 지난달 이용금액에 관계없이 대상업종에 대해 7% 할인을 받으실 수 있습니다.위 서비스는 오프라인 매장 할인 기준이며, 대상업종 2만원 이상 매출 건에 대해 할인 적용됩니다.(온라인 매장 이용 시, 위의 할인이 적용되지 않을 수 있습니다.)지난달 청구서상 이용금액 기준에 따라 익월 할인 되며, 할인 대상 매출은 이용금액 산정시 제외됩니다.제외되는 롯데카드 기본서비스 : 놀이공원, 롯데시네마, TGIF, 롯데카드 제공 L.POINT, SK주유포인트롯데멤버스㈜ 고객정보 제공에 동의하신 회원에 한하여 L.POINT 적립 및 사용이 가능합니다.결제일 변경시 변경되는 결제일의 신용공여기간에 따라 이용금액이 산정 되므로, 할인율이 변경될 수 있으니 유의하시기 바랍니다.청구할인 처리기준은 신용카드 승인시점을 기준으로 신용카드 전표 접수순으로 할인 적용됩니다.할인 적용 받은 거래의 매출 취소를 포함한 연속된 매출 승인이 있을 경우, 취소거래 정보가 실시간으로 접수되지 않으므로 할인한도가 즉시 복원되지 않으니 유의하시기 바랍니다.병원 업종 중 동물병원, 산후조리원, 요양원, 한의원(한약방)은 할인 대상에서 제외됩니다. 택시, 철도 할인의 경우 신용카드가 결제되는 경우에만 할인이 적용됩니다. 단, 일부 택시의 경우 가맹점 사정에 따라 할인이 되지 않을 수 있습니다.주유 서비스의 경우 당사 주유소 및 가스 충전소로 등록된 가맹점에 한하여 제공됩니다.최대할인 한도 적용을 위해서는 할인된 매출을 포함하여 최소 160만원 이상 이용하셔야 합니다.[세무지원 서비스] ""롯데 비즈니스 카드 이용시 부가세 환급 지원 서비스 제공"" : 부가세 환급에 필요한 정보 자동분류, 간편하게 부가세 신고 및 환급세무주치의 서비스 : NICE 디앤알 지정 세무사의 무료 세무상담전자세금계산서 서비스 : 매월 250건 전자세금계산서 무료제공나이스데이터(www.nicedata.co.kr) 회원가입 필수[잔여한도 알리미 서비스] /잔여한도 SMS 전송: SMS 발송시 대상카드 승인내역 및 잔여한도를 전송해 드립니다. 단, 장기카드대출(카드론) 한도는 제외됩니다.잔여한도 알리미 서비스는 SMS 서비스를 신청한 회원님께 제공되며, 월 300원의 서비스 이용료가 부과됩니다.
<혜택더하기>[뷰티] 박준뷰티랩 20% 현장할인박승철헤어스투디오 15% 현장할인(프리미엄 매장 제외)뷰티서비스는 커트·드라이·클리닉·판매제품 할인 제외위 서비스는 현장할인 기준입니다.[쇼핑/외식] 롯데백화점 5% 현장할인 e-쿠폰, 3개월 무이자할부, 무료주차권 제공쿠폰 발행월 직전 6개월 간 롯데백화점에서 30만원 이상 카드 이용회원 매월 1일, 2매 제공세일상품, 식품, 식당, 가전, 명품매장 및 임대매장, elLOTTE 등에서는 할인적용 제외롯데면세점 5~15%, 신라아이파크면세점 10~15% 현장할인 (일부 브랜드 제외)롯데ON 5% 현장할인 (일부 품목 제외), 3개월 무이자할부 (일부품목 제외)롯데리아·나뚜루·엔제리너스커피 1,000원당 50원 현장할인개인정보 마케팅 활용 및 롯데멤버스㈜ 고객정보 제공에 동의한 회원에 한해 제공
",2024-03-17 15:24:01.358862,DebitCard
5,SUPER PLUS 체크카드,https://image.lottecard.co.kr/UploadFiles/ecenterPath/cdInfo/ecenterCdInfoC01278-A01278_nm1.jpg,"<캐시백>[전국 롯데슈퍼 전점 이용금액 최고 10% 캐시백] /SUPER 10 서비스: 표의 칼럼은 전전월 SUPER PLUS 체크카드 이용실적, 당월 캐쉬백율, 당월 캐쉬백 한도 로 이루어져 있습니다.표의 칼럼은 전전월 SUPER PLUS 체크카드 이용실적, 당월 캐쉬백율, 당월 캐쉬백 한도 로 이루어져 있습니다.표의 1번째 행은 5%, 5천원 로 이루어져 있습니다.표의 2번째 행은 10%, 1만원 로 이루어져 있습니다.[외식업종 가맹점 이용 시 최고 10% 캐시백] /PLUS 10 서비스: 표의 칼럼은 전전월 SUPER PLUS 체크카드 이용실적, 당월 캐쉬백율, 당월 캐쉬백 한도 로 이루어져 있습니다.표의 칼럼은 전전월 SUPER PLUS 체크카드 이용실적, 당월 캐쉬백율, 당월 캐쉬백 한도 로 이루어져 있습니다.표의 1번째 행은 5%, 5천원 로 이루어져 있습니다.표의 2번째 행은 10%, 1만원 로 이루어져 있습니다.[SUPER10 / PLUS10 서비스 이용안내] 서비스 적용 대상가맹점(롯데슈퍼, 외식업종)에서 2만원 이상 이용한 건에 한해 제공됩니다.SUPER PLUS 카드체크 전전월 이용실적으로 당월 캐쉬백율 및 한도가 결정됩니다.  (실적 산정 시 SUPER 10, PLUS10 서비스 적용 매출 제외)본인 및 가족카드 이용실적 산정 및 한도는 합산 적용됩니다.SUPER PLUS 체크카드 최초 발급월 포함 3개월 간 20~40만원 실적구간의 캐쉬백율 및 한도가 제공되며, 기간 중 이용실적이 40만원 이상 시에는 해당 캐쉬백율 및 한도로 제공됩니다.캐쉬백은 회원님의 체크카드 결제계좌로 건별 입금됩니다.PLUS10 서비스 대상 가맹점은 당사에 등록된 업종 기준으로 제공됩니다.캐쉬백 서비스는 매출의 접수 순으로 제공되며, 취소 시 취소매출 접수 시 한도가 복원되오니 유의하시기 바랍니다. (접수시점까지 2~3일 소요)상기 서비스의 기타 자세한 사항은 당사 홈페이지(www.lottecard.co.kr) 참조하시기 바랍니다.
",2024-03-17 15:24:01.654111,DebitCard
5,롯데체크카드VISA,https://image.lottecard.co.kr/UploadFiles/ecenterPath/cdInfo/ecenterCdInfoC02577-A02577_nm1.jpg,"<혜택>[포인트 적립] 전국 가맹점에서 롯데카드 제공 L.POINT 0.2% 적립SK주유소(LPG 제외)에서 리터당 50포인트 롯데 SK주유포인트 적립[연회비 면제] 평생 연회비가 면제됩니다.[해외이용] /해외이용 안내: [해외 가맹점 이용]해외 VISA 전 가맹점(온라인가맹점 포함)에서 일시불 거래만 가능합니다.(단, 호텔, 렌터카, 항공사, 주유소, 도박, 통신판매 등 해외 일부 업종에서 이용이 제한될 수 있습니다.)해외 이용 시 미화(USD)기준 이용 금액에 국제브랜드사가 부과하는 수수료(VISA 1%)를 포함하여 접수일의 환율 적용 후 롯데카드가 부과하는 해외 이용 수수료(0.2%)를 포함한 금액으로 출금됩니다.[해외 ATM 이용]해외 VISA 또는 PLUS/ 은련(Unionpay) 로고가 부착된 ATM에서 예금(현지통화)인출이 가능합니다.예금 인출 시 해외 이용 수수료(VISA : 인출금액의 1% + USD 3.0, 은련(Unionpay) : 건당 USD 2.5)가 포함되어 출금됩니다.국제브랜드사 수수료의 경우, 국제브랜드사 정책에 따라 달라질 수 있습니다.
",2024-03-17 15:24:01.997813,DebitCard
5,롯데 체크플러스 카드,https://image.lottecard.co.kr/UploadFiles/ecenterPath/cdInfo/ecenterCdInfoC02860-A02860_nm1.jpg,"<적립>[더블 포인트 적립 서비스] /혜택: 모든 L.POINT 제휴사에서 롯데 체크 플러스 카드로 결제 시 제휴사 현장에서 적립받은 L.POINT를 한 번 더 적립!/L.POINT 제휴사 안내: L.POINT 제휴사에 관한 자세한 내용은 L.POINT 홈페이지 (www.lpoint.com)에서 확인하실 수 있습니다.각 제휴사별 현장 적립포인트는 롯데카드 제공 L.POINT 적립률로 운영되며, 제휴사별 적립 기준에 의해 적립됩니다.각 제휴사별 현장 적립률 및 세부적립 기준은 L.POINT 홈페이지 (www.lpoint.com)에서 확인하실 수 있습니다.이 더블 적립서비스는 롯데 체크 플러스 카드로 결제하시면서 현장 적립 받으신 포인트만큼 한 번 더 적립해드리는 서비스로, 다른 결제수단으로 결제하신 후 롯데 체크 플러스 카드로 현장 적립만 받으신 경우나 행사 등으로 제휴사에서 제공된 포인트에 대해서는 제공되지 않습니다.L.POINT 신규 제휴사가 추가 되는 경우에도 서비스가 제공됩니다.제휴사의 사정, 행사 등으로 인해 현장 적립이 제공되지 않은 매출에 대해서는 제공되지 않습니다.임대매장, 매장 내 위치한 가맹점 등과 같이 L.POINT 외 가맹점 번호를 사용하는 곳 에서는 더블 적립이 제공되지 않습니다.롯데카드 제공 L.POINT는 카드결제 승인이 카드사에 접수된 이후, 영업일 기준 4일 이내에 적립됩니다.포인트로 결제한 금액에 대해서는 포인트 적립이 되지 않습니다.회원탈회, 카드도난, 분실 등의 사유로 카드사용이 정지된 경우에는 포인트 사용이 제한됩니다.매출 취소 시 취소 매출에 해당하는 포인트는 차감됩니다.위 멤버스 제휴처에 포인트 적립을 위해 고객정보가 제공될 수 있으며, 신청서상 선택적 동의에 동의하신 경우 마케팅 활용 목적으로 고객정보가 사용될 수 있습니다.롯데멤버스㈜ 고객정보 제공에 동의한 회원에 한하여 L.POINT 적립 및 사용이 가능합니다.[소액신용서비스] 체크카드 잔고가 부족하셔도 당황하지 마세요! 롯데 체크카드에 신용카드 기능을 더했습니다.체크카드에 30만원의 신용카드 일시불 이용 한도 제공체크카드 계좌 잔고 부족 시 신용한도 내에서 전액 신용카드 결제소득공제 시 신용카드와 체크카드 이용금액 별도 산정다음의 경우 전액 신용카드 거래로 처리되며, 이용대금은 약정 결제일에 회원에게 청구됩니다. (결제일에 계좌 잔액 확인 요망)교통카드 이용, 휴대폰 부가서비스 이용 등 무승인거래 자동납부, 체크카드 일일/월간 이용한도 초과 시포인트 결제 시 (ex, 2만 포인트 보유 회원이 3만원 사용 승인 요청 시 2만원은 포인트로 차감하고 차액 1만원은 신용카드 거래로 처리) 단, 롯데멤버스 제휴사에서 포인트 결제 시에는 체크카드 거래가 가능합니다. (계좌 잔고 부족 시에는 신용카드 거래)계좌 잔액 부족 시 (계좌 잔액이 1만원인 상황에서 3만원 사용 승인을 요청하였을 경우 3만원 전액이 신용카드 거래로 처리)계좌 개설 은행의 전산장애(미응답, 체크카드 사용제한 시간 거래 시 등 포함) 등으로 사용이 불가한 경우소액 신용결제 이용한도는 이러한 결제방식 이용을 신청한 회원에 대하여 롯데카드에서 정하는 별도의 신용평가 기준에 충족될 경우, 30만원 이내에서 한도를 부여합니다.체크카드 결제분에 대한 신용카드로의 결제전환 및 할부전환은 가능하지 않습니다.연회비/SMS수수료 면제승인 SMS에 체크/신용문구 별도 표기결제계좌 가능은행 : KB국민/NH농협/신한/우리/SC제일/KEB하나/IBK기업/광주/경남/부산/대구/수협/전북은행
<혜택더하기>[SK주유포인트 적립] 포인트 적립SK주유소에서 주유하시면, 리터당 50포인트 적립 (1포인트=1원)포인트 적립한도: 일 30만원 / 월 100만원최근 3개월(이용일 2일 전부터 92일간) 월평균 이용금액이 30만원 미만일 경우, SK주유포인트는 적립되지 않습니다.주유 종류별로 적립되는 포인트는 SK주유소 휘발유 기준유가로 환산하여 적립해 드립니다.휘발유, 등유, 경유의 주유 시에 적립되며, LPG 충전 시에는 적립되지 않습니다.포인트 사용 : 최초 1만 포인트 이상 적립된 후부터, SK주유소에서 1포인트 단위로 사용 가능합니다.포인트 유효기간 : 5년[쇼핑] 롯데백화점 5% 현장할인 e-쿠폰 매월 2매 제공 및 무료주차권 제공쿠폰 발행월 직전 6개월간 롯데백화점에서 30만원 이상 이용회원에 한하여 매월 1일 2매 제공롯데면세점 5~10% 현장할인롯데ON 5% 현장할인 (일부품목 제외)[여가 및 문화] 롯데월드 본인 종합이용권 50% 현장 할인전월(승인일 기준 1일~말일) 이용금액이 20만원 이상인 회원님께 제공 / 월 1회, 연 6회 제공롯데시네마 관람료 1,500원 청구할인전월(승인일 기준 1일~말일) 이용금액이 20만원 이상인 회원님께 제공일 1회, 월 5회, 연 12회 제공, 현장구매에 한해 적용T.G.I.FRiDAYS 10% 현장 할인 (주류 제외)전월(승인일 기준 1일~말일) 이용금액이 20만원 이상인 회원님께 제공일 1회, 결제금액 기준 20만원(할인한도 2만원)까지 할인통신사 카드 및 다른 할인권과 중복 할인 안됨롯데리아, 엔제리너스커피, 나뚜루 1,000원당 50원 현장할인개인정보 마케팅 활용 및 롯데멤버스㈜ 고객정보 제공에 동의한 회원에 한해 제공
",2024-03-17 15:24:02.304322,DebitCard
5,위클리 체크카드,https://image.lottecard.co.kr/UploadFiles/ecenterPath/cdInfo/ecenterCdInfoC10343-A10343_nm1.png,"<캐시백>[Weekly 캐시백 서비스] /Weekly 캐시백 서비스: 표의 칼럼은 매주 평일 이용실적(월~금), 주말(토일) 캐시백, 월 캐시백한도 로 이루어져 있습니다.표의 칼럼은 매주 평일 이용실적(월~금), 주말(토일) 캐시백, 월 캐시백한도 로 이루어져 있습니다.표의 1번째 행은 주말이용실적의 0.5% 캐시백, 2만원 로 이루어져 있습니다.표의 2번째 행은 주말이용실적의 1.0% 캐시백 로 이루어져 있습니다.표의 3번째 행은 주말이용실적의 2.0% 캐시백 로 이루어져 있습니다.
<혜택더하기>[쇼핑] 롯데백화점 5% 할인 e-쿠폰쿠폰 발행월 직전 6개월간 롯데백화점에서 30만원 이상 롯데카드 사용회원에 한하여 매월 1일 2매 제공 (쿠폰 발행월 말일까지 사용 가능)현금, 임대매장에서 이용한 카드금액은 이용실적 기준 제외할인 제외 : 세일상품, 식당, 슈퍼, 가전, 임대매장 등 일부 매장, 롯데아울렛, elLOTTE(롯데아울렛 매출은 실적산정 대상에 포함)롯데ON 5% 할인 (일부품목 제외)[여가 · 문화 · 외식] 롯데시네마 관람권 1,500원 환급 할인 (일 1회, 월 5회, 연 12회)롯데월드 본인 종합이용권 50% 현장할인 (월 1회, 연 6회 통합)T.G.I.FRiDAYS 10% 현장할인 (주류제외)일 1회 결제금액 20만원 (할인한도 2만원)까지 적용통신사 카드, 기타 할인권과 중복 할인 불가지난달 이용금액 (일시불, 할부)이 20만원이상인 회원님께 제공(신규회원님 최초 카드사용등록 월 포함 3개월 차 말일까지 실적 조건없이 제공)광주패밀리랜드 본인 자유이용권 50% 현장 할인서울랜드 본인 자유이용권 30% 현장 할인롯데리아, 엔제리너스커피, 나뚜루 1,000원당 50원 할인서비스의 실적 및 횟수 제한은 본인, 가족카드 및 복수카드 합산 적용됩니다.
",2024-03-17 15:24:02.598598,DebitCard
5,위클리 VISA 롯데체크카드,https://image.lottecard.co.kr/UploadFiles/ecenterPath/cdInfo/ecenterCdInfoC10343-B10347_nm1.jpg,"<캐시백>[Weekly 캐시백 서비스] /Weekly 캐시백 서비스: 표의 칼럼은 매주 평일 이용실적(월~금), 주말(토일) 캐시백, 월 캐시백한도 로 이루어져 있습니다.표의 칼럼은 매주 평일 이용실적(월~금), 주말(토일) 캐시백, 월 캐시백한도 로 이루어져 있습니다.표의 1번째 행은 주말이용실적의 0.5% 캐시백, 2만원 로 이루어져 있습니다.표의 2번째 행은 주말이용실적의 1.0% 캐시백 로 이루어져 있습니다.표의 3번째 행은 주말이용실적의 2.0% 캐시백 로 이루어져 있습니다./해외이용 안내: [해외 가맹점 이용]해외 VISA 전 가맹점(온라인가맹점 포함)에서 일시불 거래만 가능합니다.(단, 호텔, 렌터카, 항공사, 주유소, 도박, 통신판매 등 해외 일부 업종에서 이용이 제한될 수 있습니다.)해외 이용 시 미화(USD)기준 이용 금액에 국제브랜드사가 부과하는 수수료(VISA 1%)를 포함하여 접수일의 환율 적용 후 롯데카드가 부과하는 해외 이용 수수료(0.2%)를 포함한 금액으로 출금됩니다.[해외 ATM 이용]해외 VISA 또는 PLUS 로고가 부착된 ATM에서 예금(현지통화)인출이 가능합니다.예금 인출 시 해외 이용 수수료(VISA : 인출금액의 1% + USD 3.0 )가 포함되어 출금됩니다.국제브랜드사 수수료의 경우, 국제브랜드사 정책에 따라 달라질 수 있습니다.
<혜택더하기>[쇼핑] 롯데백화점 5% 할인 e-쿠폰쿠폰 발행월 직전 6개월간 롯데백화점에서 30만원 이상 롯데카드 사용회원에 한하여 매월 1일 2매 제공 (쿠폰 발행월 말일까지 사용 가능)현금, 임대매장에서 이용한 카드금액은 이용실적 기준 제외할인 제외 : 세일상품, 식당, 슈퍼, 가전, 임대매장 등 일부 매장, 롯데아울렛, elLOTTE(롯데아울렛 매출은 실적산정 대상에 포함)롯데ON 5% 할인 (일부품목 제외)[여가 · 문화 · 외식] 롯데시네마 관람권 1,500원 환급 할인 (일 1회, 월 5회, 연 12회)롯데월드 본인 종합이용권 50% 현장할인 (월 1회, 연 6회 통합)T.G.I.FRiDAYS 10% 현장할인 (주류제외)일 1회 결제금액 20만원 (할인한도 2만원)까지 적용통신사 카드, 기타 할인권과 중복 할인 불가지난달 이용금액 (일시불, 할부)이 20만원이상인 회원님께 제공(신규회원님 최초 카드사용등록 월 포함 3개월 차 말일까지 실적 조건없이 제공)광주패밀리랜드 본인 자유이용권 50% 현장 할인서울랜드 본인 자유이용권 30% 현장 할인롯데리아, 엔제리너스커피, 나뚜루 1,000원당 50원 할인서비스의 실적 및 횟수 제한은 본인, 가족카드 및 복수카드 합산 적용됩니다.
",2024-03-17 15:24:02.967551,DebitCard
5,롯데 체크카드 은련(UPI),https://image.lottecard.co.kr/UploadFiles/ecenterPath/cdInfo/ecenterCdInfoC00041-B10442_nm1.jpg,"<혜택>[포인트 적립] 전국 가맹점에서 롯데카드 제공 L.POINT 0.2% 적립SK주유소(LPG 제외)에서 리터당 50포인트 롯데 SK주유포인트 적립[연회비 면제] 평생 연회비가 면제됩니다./해외이용 안내: [해외 ATM 이용]해외 은련(Unionpay) 로고가 부착된 ATM에서 예금(현지통화)인출이 가능합니다.예금 인출 시 해외 이용 수수료(은련(Unionpay) : 건당 USD 2.5)가 포함되어 출금됩니다.국제브랜드사 수수료의 경우, 국제브랜드사 정책에 따라 달라질 수 있습니다.
",2024-03-17 15:24:03.292269,DebitCard
5,롯데 포인트플러스 체크카드 은련 (UPI),https://image.lottecard.co.kr/UploadFiles/ecenterPath/cdInfo/ecenterCdInfoC00284-B10455_nm1.jpg,"<적립>[더블포인트 적립 서비스] /혜택: 모든 L.POINT 제휴사에서 롯데포인트 플러스 체크카드로 결제 시 제휴사 현장에서 적립받은 L.POINT(L.POINT 카드 기본 적립포인트)를 한 번 더 적립!/L.POINT 제휴사 안내: L.POINT 제휴사에 관한 자세한 내용은 L.POINT 홈페이지 (www.lpoint.com)에서 확인하실 수 있습니다.각 제휴사별 현장 적립포인트는 L.POINT 카드 적립률로 운영되며, 제휴사별 적립 기준에 의해 적립됩니다.각 제휴사별 현장 적립률 및 세부적립 기준은 L.POINT 홈페이지 (www.lpoint.com)에서 확인하실 수 있습니다.이 더블 적립서비스는 롯데포인트 플러스 체크카드로 결제하시면서 현장 적립 받으신 포인트만큼 한 번 더 적립해드리는 서비스로, 다른 결제수단으로 결제하신 후 포인트플러스 카드로 현장 적립만 받으신 경우나 행사 등으로 제휴사에서 제공된 포인트에 대해서는 제공되지 않습니다.L.POINT 신규 제휴사가 추가 되는 경우에도 서비스가 제공됩니다.무이자 할부 이용 시 더블 포인트 적립서비스는 제공되지 않습니다.제휴사의 사정, 행사 등으로 인해 현장 적립이 제공되지 않은 매출에 대해서는 제공되지 않습니다.임대매장, 매장 내 위치한 가맹점 등과 같이 L.POINT 제휴사 외 가맹점 번호를 사용하는 곳 에서는 더블 적립이 제공되지 않습니다.롯데카드에서 제공하는 L.POINT는 카드결제 승인이 카드사에 접수된 이후, 영업일 기준 4일 이내에 적립됩니다.포인트로 결제한 금액에 대해서는 포인트 적립이 되지 않습니다.회원탈회, 카드도난, 분실 등의 사유로 카드사용이 정지된 경우에는 포인트 사용이 제한됩니다.매출 취소 시 취소 매출에 해당하는 포인트는 차감됩니다.위 L.POINT 제휴사에 포인트 적립을 위해 고객정보가 제공될 수 있으며, 신청서상 선택적 동의에 동의하신 경우 마케팅 활용 목적으로 고객정보가 사용될 수 있습니다.롯데멤버스㈜ 고객정보 제공에 동의하신 회원에 한하여 L.POINT 적립 및 사용이 가능합니다.
<혜택더하기>[쇼핑] 롯데백화점 5% 현장할인 e-쿠폰 및 무료주차권 제공        쿠폰 발행월 직전 6개월간 롯데백화점에서 30만원이상 일시불 및 할부 카드 이용 회원에 한하여 매월 1일, 2매 발행롯데면세점 5~10% 현장할인 (일부품목 제외)오프라인 매장 기준, 기타 할인서비스와 중복 적용 불가[뷰티] 박준뷰티랩 20% 현장 할인박승철헤어스투디오 15% 현장 할인(프리미엄 매장 제외)다른 할인 서비스와 중복 혜택이 불가능하며 커트, 드라이, 물품구입 및 클리닉 메뉴는 할인에서 제외됩니다.
",2024-03-17 15:24:03.585141,DebitCard
5,위클리 체크카드 은련,https://image.lottecard.co.kr/UploadFiles/ecenterPath/cdInfo/ecenterCdInfoC10343-B10576_nm1.jpg,"<캐시백>[Weekly 캐시백 서비스] /Weekly 캐시백 서비스: 표의 칼럼은 매주 평일 이용실적(월~금), 주말(토일) 캐시백, 월 캐시백한도 로 이루어져 있습니다.표의 칼럼은 매주 평일 이용실적(월~금), 주말(토일) 캐시백, 월 캐시백한도 로 이루어져 있습니다.표의 1번째 행은 주말이용실적의 0.5% 캐시백, 2만원 로 이루어져 있습니다.표의 2번째 행은 주말이용실적의 1.0% 캐시백 로 이루어져 있습니다.표의 3번째 행은 주말이용실적의 2.0% 캐시백 로 이루어져 있습니다./해외이용 안내: [해외 ATM 이용]은련(Unionpay) 로고가 부착된 ATM에서 예금(현지통화)인출이 가능합니다.예금 인출 시 해외 이용 수수료(은련(Unionpay) : 건당 USD 2.5)가 포함되어 출금됩니다.국제브랜드사 수수료의 경우, 국제브랜드사 정책에 따라 달라질 수 있습니다.
<혜택더하기>[쇼핑] 롯데백화점 5% 할인 e-쿠폰쿠폰 발행월 직전 6개월간 롯데백화점에서 30만원 이상 롯데카드 사용회원에 한하여 매월 1일 2매 제공 (쿠폰 발행월 말일까지 사용 가능)현금, 임대매장에서 이용한 카드금액은 이용실적 기준 제외할인 제외 : 세일상품, 식당, 슈퍼, 가전, 임대매장 등 일부 매장, 롯데아울렛, elLOTTE(롯데아울렛 매출은 실적산정 대상에 포함)롯데ON 5% 할인 (일부품목 제외)[여가 · 문화 · 외식] 롯데시네마 관람권 1,500원 환급 할인 (일 1회, 월 5회, 연 12회)롯데월드 본인 종합이용권 50% 현장할인 (월 1회, 연 6회 통합)T.G.I.FRiDAYS 10% 현장할인 (주류제외)일 1회 결제금액 20만원 (할인한도 2만원)까지 적용통신사 카드, 기타 할인권과 중복 할인 불가지난달 이용금액 (일시불, 할부)이 20만원이상인 회원님께 제공(신규회원님 최초 카드사용등록 월 포함 3개월 차 말일까지 실적 조건없이 제공)광주패밀리랜드 본인 자유이용권 50% 현장 할인서울랜드 본인 자유이용권 30% 현장 할인롯데리아, 엔제리너스커피, 나뚜루 1,000원당 50원 할인서비스의 실적 및 횟수 제한은 본인, 가족카드 및 복수카드 합산 적용됩니다.
",2024-03-17 15:24:03.883291,DebitCard
5,LIKIT fun 체크플러스 카드,https://once-s3.s3.ap-northeast-2.amazonaws.com/lottecard/C12758-A12758.png,"<커피>[스타벅스, 엔제리너스 1천원 캐시백] 표의 칼럼은 구분, 대상가맹점, 캐시백(1회당), 지난달 이용실적 및 캐시백 횟수 로 이루어져 있습니다.표의 칼럼은 구분, 대상가맹점, 캐시백(1회당), 지난달 이용실적 및 캐시백 횟수 로 이루어져 있습니다.표의 1번째 행은 스타벅스엔제리너스, 1천원, 3회, 6회, 9회 로 이루어져 있습니다.지난달 1일~말일까지 LIKIT fun 체크플러스 카드 30만원(캐시백 혜택이 적용된 이용금액 포함) 이상 이용 시 제공됩니다.현장 결제 건(사이렌오더 포함)에만 제공되며, 백화점·마트 등에 입점한 매장에서는 혜택이 적용되지 않을 수 있습니다.상품권 및 선불카드 구매·충전 건은 혜택이 적용되지 않습니다.건당 5천원 이상 결제 시 혜택이 적용됩니다. [서비스 제공 기준] /실적기준: LIKIT fun 체크플러스 카드를 최초 발급하신 경우, 카드사용등록일~다음 달 말 일까지 지난달 이용실적에 관계없이 30만원 이용실적 구간의 혜택(커피 3회, 영화 1회, 편의점 1회, 이동통신 1회)이 제공됩니다. 카드사용등록일~다음 달 말일 기간에도 지난달 1일~말일 LIKIT fun 체크플러스 카드 이용실적이 50만원 또는 70만원 이상일 경우, 해당 이용실적별 캐시백 한도가 적용됩니다.본인 및 가족카드의 이용실적(1일~말일) 및 캐시백 한도(1일~말일)는 합산되어 제공됩니다. 남은 한도는 이월되지 않습니다.지난달 이용금액 중 실적에 포함된 매출을 취소하는 경우 지난달 이용실적 및 이번달 캐시백 한도가 변경될 수 있습니다.지난달 이용실적 산정 시 제외되는 이용금액: LIKIT fun 체크플러스카드가 아닌 롯데카드 이용금액, 국세·지방세, 공과금, 건강보험, 국민연금, 고용보험, 산재보험, 장애인 고용부담금, 기프트·선불카드 충전 및 구매, 상품권 구매, 포인트 충전, 아파트관리비, 대학등록금, LH·SH 공사 공공임대료, 초·중·고등학교 납입금, 이자 및 각종 수수료/캐시백 이용기준: 승인시점 기준으로 남은 캐시백 한도 내에서 캐시백이 제공됩니다.캐시백은 결제 건이 롯데카드에 접수(약 2~3일 소요)된 후 결제 건별 캐시백 금액이 결제계좌로 입금됩니다.캐시백이 적용된 결제 건을 취소하는 경우 취소 건이 롯데카드에 접수된 후 캐시백 한도가 복원됩니다. 캐시백 한도가 복원되기 전의 결제 건은 승인시점 기준 캐시백 한도 내에서 캐시백이 적용되며, 추후 한도 복원 후에 별도 소급 적용되지 않습니다.결제 건을 취소하시는 경우 취소 건이 롯데카드에 접수된 후 환불됩니다. 캐시백이 적용된 결제 건을 취소하는 경우 캐시백 금액을 제외한 이용금액이 환불됩니다.결제 취소 건 접수 여부는 롯데카드 홈페이지(www.lottecard.co.kr)에서 회원가입 후 MY ▶ 카드이용내역 ▶ 정상·취소구분 ▶ 취소 선택 후 조회 시 확인할 수 있습니다.롯데카드에 등록된 가맹점 및 업종을 기준으로 혜택이 제공됩니다.롯데카드의 다른 캐시백 혜택과 중복 적용되지 않으며, 금액이 큰 혜택으로 적용됩니다.
<영화>[롯데시네마, CGV 2천원 캐시백] 표의 칼럼은 구분, 대상가맹점, 캐시백(1회당), 지난달 이용실적 및 캐시백 횟수 로 이루어져 있습니다.표의 칼럼은 구분, 대상가맹점, 캐시백(1회당), 지난달 이용실적 및 캐시백 횟수 로 이루어져 있습니다.표의 1번째 행은 롯데시네마CGV, 2천원, 1회, 2회, 3회 로 이루어져 있습니다.지난달 1일~말일까지 LIKIT fun 체크플러스 카드 30만원(캐시백 혜택이 적용된 이용금액 포함) 이상 이용 시 제공됩니다.정액 캐시백 혜택은 이용금액이 캐시백 금액 이상인 건만 혜택이 적용됩니다.현장 결제, 공식 홈페이지 및 앱을 통한 예매 시 혜택이 적용되며, 기프티콘, 상품권 구매 등 영화 예매 이외의 건은 혜택이 적용되지 않습니다.[서비스 제공 기준] /실적기준: LIKIT fun 체크플러스 카드를 최초 발급하신 경우, 카드사용등록일~다음 달 말 일까지 지난달 이용실적에 관계없이 30만원 이용실적 구간의 혜택(커피 3회, 영화 1회, 편의점 1회, 이동통신 1회)이 제공됩니다. 카드사용등록일~다음 달 말일 기간에도 지난달 1일~말일 LIKIT fun 체크플러스 카드 이용실적이 50만원 또는 70만원 이상일 경우, 해당 이용실적별 캐시백 한도가 적용됩니다.본인 및 가족카드의 이용실적(1일~말일) 및 캐시백 한도(1일~말일)는 합산되어 제공됩니다. 남은 한도는 이월되지 않습니다.지난달 이용금액 중 실적에 포함된 매출을 취소하는 경우 지난달 이용실적 및 이번달 캐시백 한도가 변경될 수 있습니다.지난달 이용실적 산정 시 제외되는 이용금액: LIKIT fun 체크플러스카드가 아닌 롯데카드 이용금액, 국세·지방세, 공과금, 건강보험, 국민연금, 고용보험, 산재보험, 장애인 고용부담금, 기프트·선불카드 충전 및 구매, 상품권 구매, 포인트 충전, 아파트관리비, 대학등록금, LH·SH 공사 공공임대료, 초·중·고등학교 납입금, 이자 및 각종 수수료/캐시백 이용기준: 승인시점 기준으로 남은 캐시백 한도 내에서 캐시백이 제공됩니다.캐시백은 결제 건이 롯데카드에 접수(약 2~3일 소요)된 후 결제 건별 캐시백 금액이 결제계좌로 입금됩니다.캐시백이 적용된 결제 건을 취소하는 경우 취소 건이 롯데카드에 접수된 후 캐시백 한도가 복원됩니다. 캐시백 한도가 복원되기 전의 결제 건은 승인시점 기준 캐시백 한도 내에서 캐시백이 적용되며, 추후 한도 복원 후에 별도 소급 적용되지 않습니다.결제 건을 취소하시는 경우 취소 건이 롯데카드에 접수된 후 환불됩니다. 캐시백이 적용된 결제 건을 취소하는 경우 캐시백 금액을 제외한 이용금액이 환불됩니다.결제 취소 건 접수 여부는 롯데카드 홈페이지(www.lottecard.co.kr)에서 회원가입 후 MY ▶ 카드이용내역 ▶ 정상·취소구분 ▶ 취소 선택 후 조회 시 확인할 수 있습니다.롯데카드에 등록된 가맹점 및 업종을 기준으로 혜택이 제공됩니다.롯데카드의 다른 캐시백 혜택과 중복 적용되지 않으며, 금액이 큰 혜택으로 적용됩니다.
<편의점>[세븐일레븐, GS25, CU 1천원 캐시백] 표의 칼럼은 구분, 대상가맹점, 캐시백(1회당), 지난달 이용실적 및 캐시백 횟수 로 이루어져 있습니다.표의 칼럼은 구분, 대상가맹점, 캐시백(1회당), 지난달 이용실적 및 캐시백 횟수 로 이루어져 있습니다.표의 1번째 행은 세븐일레븐GS25 CU, 1천원, 1회, 2회, 3회 로 이루어져 있습니다.지난달 1일~말일까지 LIKIT fun 체크플러스 카드 30만원(캐시백 혜택이 적용된 이용금액 포함) 이상 이용 시 제공됩니다.선불카드 구매·충전 건은 혜택이 적용되지 않습니다.건당 5천원 이상 결제 시 혜택이 적용됩니다. [서비스 제공 기준] /실적기준: LIKIT fun 체크플러스 카드를 최초 발급하신 경우, 카드사용등록일~다음 달 말 일까지 지난달 이용실적에 관계없이 30만원 이용실적 구간의 혜택(커피 3회, 영화 1회, 편의점 1회, 이동통신 1회)이 제공됩니다. 카드사용등록일~다음 달 말일 기간에도 지난달 1일~말일 LIKIT fun 체크플러스 카드 이용실적이 50만원 또는 70만원 이상일 경우, 해당 이용실적별 캐시백 한도가 적용됩니다.본인 및 가족카드의 이용실적(1일~말일) 및 캐시백 한도(1일~말일)는 합산되어 제공됩니다. 남은 한도는 이월되지 않습니다.지난달 이용금액 중 실적에 포함된 매출을 취소하는 경우 지난달 이용실적 및 이번달 캐시백 한도가 변경될 수 있습니다.지난달 이용실적 산정 시 제외되는 이용금액: LIKIT fun 체크플러스카드가 아닌 롯데카드 이용금액, 국세·지방세, 공과금, 건강보험, 국민연금, 고용보험, 산재보험, 장애인 고용부담금, 기프트·선불카드 충전 및 구매, 상품권 구매, 포인트 충전, 아파트관리비, 대학등록금, LH·SH 공사 공공임대료, 초·중·고등학교 납입금, 이자 및 각종 수수료/캐시백 이용기준: 승인시점 기준으로 남은 캐시백 한도 내에서 캐시백이 제공됩니다.캐시백은 결제 건이 롯데카드에 접수(약 2~3일 소요)된 후 결제 건별 캐시백 금액이 결제계좌로 입금됩니다.캐시백이 적용된 결제 건을 취소하는 경우 취소 건이 롯데카드에 접수된 후 캐시백 한도가 복원됩니다. 캐시백 한도가 복원되기 전의 결제 건은 승인시점 기준 캐시백 한도 내에서 캐시백이 적용되며, 추후 한도 복원 후에 별도 소급 적용되지 않습니다.결제 건을 취소하시는 경우 취소 건이 롯데카드에 접수된 후 환불됩니다. 캐시백이 적용된 결제 건을 취소하는 경우 캐시백 금액을 제외한 이용금액이 환불됩니다.결제 취소 건 접수 여부는 롯데카드 홈페이지(www.lottecard.co.kr)에서 회원가입 후 MY ▶ 카드이용내역 ▶ 정상·취소구분 ▶ 취소 선택 후 조회 시 확인할 수 있습니다.롯데카드에 등록된 가맹점 및 업종을 기준으로 혜택이 제공됩니다.롯데카드의 다른 캐시백 혜택과 중복 적용되지 않으며, 금액이 큰 혜택으로 적용됩니다.
<이동통신>[SKT, KT, LG U+ 2천원 캐시백] 표의 칼럼은 구분, 대상가맹점, 캐시백(1회당), 지난달 이용실적 및 캐시백 횟수 로 이루어져 있습니다.표의 칼럼은 구분, 대상가맹점, 캐시백(1회당), 지난달 이용실적 및 캐시백 횟수 로 이루어져 있습니다.표의 1번째 행은 SKT KTLG U+, 2천원, 1회 로 이루어져 있습니다.지난달 1일~말일까지 LIKIT fun 체크플러스 카드 30만원(캐시백 혜택이 적용된 이용금액 포함) 이상 이용 시 제공됩니다.정액 캐시백 혜택은 이용금액이 캐시백 금액 이상인 건만 혜택이 적용됩니다. 이동통신요금 자동이체 결제 건에만 월 1회(최초 결제 접수 건) 제공되며, 인터넷·TV 등 결합상품 결제 건, 알뜰폰 이용요금 결제 건은 혜택이 적용되지 않습니다.[서비스 제공 기준] /실적기준: LIKIT fun 체크플러스 카드를 최초 발급하신 경우, 카드사용등록일~다음 달 말 일까지 지난달 이용실적에 관계없이 30만원 이용실적 구간의 혜택(커피 3회, 영화 1회, 편의점 1회, 이동통신 1회)이 제공됩니다. 카드사용등록일~다음 달 말일 기간에도 지난달 1일~말일 LIKIT fun 체크플러스 카드 이용실적이 50만원 또는 70만원 이상일 경우, 해당 이용실적별 캐시백 한도가 적용됩니다.본인 및 가족카드의 이용실적(1일~말일) 및 캐시백 한도(1일~말일)는 합산되어 제공됩니다. 남은 한도는 이월되지 않습니다.지난달 이용금액 중 실적에 포함된 매출을 취소하는 경우 지난달 이용실적 및 이번달 캐시백 한도가 변경될 수 있습니다.지난달 이용실적 산정 시 제외되는 이용금액: LIKIT fun 체크플러스카드가 아닌 롯데카드 이용금액, 국세·지방세, 공과금, 건강보험, 국민연금, 고용보험, 산재보험, 장애인 고용부담금, 기프트·선불카드 충전 및 구매, 상품권 구매, 포인트 충전, 아파트관리비, 대학등록금, LH·SH 공사 공공임대료, 초·중·고등학교 납입금, 이자 및 각종 수수료/캐시백 이용기준: 승인시점 기준으로 남은 캐시백 한도 내에서 캐시백이 제공됩니다.캐시백은 결제 건이 롯데카드에 접수(약 2~3일 소요)된 후 결제 건별 캐시백 금액이 결제계좌로 입금됩니다.캐시백이 적용된 결제 건을 취소하는 경우 취소 건이 롯데카드에 접수된 후 캐시백 한도가 복원됩니다. 캐시백 한도가 복원되기 전의 결제 건은 승인시점 기준 캐시백 한도 내에서 캐시백이 적용되며, 추후 한도 복원 후에 별도 소급 적용되지 않습니다.결제 건을 취소하시는 경우 취소 건이 롯데카드에 접수된 후 환불됩니다. 캐시백이 적용된 결제 건을 취소하는 경우 캐시백 금액을 제외한 이용금액이 환불됩니다.결제 취소 건 접수 여부는 롯데카드 홈페이지(www.lottecard.co.kr)에서 회원가입 후 MY ▶ 카드이용내역 ▶ 정상·취소구분 ▶ 취소 선택 후 조회 시 확인할 수 있습니다.롯데카드에 등록된 가맹점 및 업종을 기준으로 혜택이 제공됩니다.롯데카드의 다른 캐시백 혜택과 중복 적용되지 않으며, 금액이 큰 혜택으로 적용됩니다.
<체크카드 안내>[체크카드 안내] /발급대상: 만 12세 이상의 제휴은행 계좌 보유 고객만 12세~17세인 경우 법적 대리인 동의가 필요하며, 카드 발급은 롯데카드센터에서만 가능합니다./제휴은행: 신한, 우리, 국민, 농협, KEB하나, 기업, SC제일, 수협, 부산, 대구, 경남, 광주, 전북/이용안내: 일 600만원, 월 2,000만원 이용한도 부여(만 12세~13세 회원은 일 3만원, 월 30만원 이용한도 부여)본인의 직계가족 3인까지 가족카드 발급 가능이용제한 가맹점: 철도 승차권 예약 등 일부 가맹점/ATM 현금인출: 은행 현금카드와 동일하게 은행 ATM에서 현금인출 가능현금인출 가능 은행: 신한, 우리※자세한 내용은 롯데카드 홈페이지(www.lottecard.co.kr) ▶ 카드 ▶ 카드별 이용안내 ▶ 체크카드 이용안내를 참고해주시기 바랍니다.[체크소액신용 서비스(체크플러스) 안내] /LIKIT 체크카드에 신용결제 서비스를 PLUS! 신용한도 결제능력을 평가할 수 있는 기준에 따라 심사를 거쳐 최고 30만원 일시불 신용한도가 부여됩니다.: /발급대상: 만 18세 이상의 제휴은행 계좌 보유 고객/제휴은행: 신한, 우리, 국민, 농협, KEB하나, 기업, SC제일, 수협, 부산, 대구, 경남, 광주, 전북/이용안내: LIKIT 체크카드 혜택 적용 대상 신용결제 건은 결제일 할인 제공소득공제 시 신용카드와 체크카드 실적 별도 산정/반드시 확인하세요!: 다음의 경우 전액 신용카드로 결제 처리되며, 신용결제 이용대금은 결제일에 체크카드 계좌로 청구됩니다.교통카드 이용(월 중 접수된 교통 이용금액을 다음 달 초에 최종 확정하여 결제) 체크카드 일일·월간 이용한도 초과포인트 사용 건 체크카드 이용제한 가맹점계좌잔액 부족계좌개설 은행의 전산점검 및 전산장애(체크카드 이용제한 시간 거래 시 등) 
",2024-03-17 15:24:04.396987,DebitCard
5,LIKIT fun 체크카드,https://once-s3.s3.ap-northeast-2.amazonaws.com/lottecard/C12794-A12794.png,"<커피>[스타벅스, 엔제리너스 1천원 캐시백] 표의 칼럼은 구분, 대상가맹점, 캐시백(1회당), 지난달 이용실적 및 캐시백 횟수 로 이루어져 있습니다.표의 칼럼은 구분, 대상가맹점, 캐시백(1회당), 지난달 이용실적 및 캐시백 횟수 로 이루어져 있습니다.표의 1번째 행은 스타벅스  엔제리너스, 1천원, 3회, 6회, 9회 로 이루어져 있습니다.지난달 1일~말일까지 LIKIT fun 체크카드 30만원(캐시백 혜택이 적용된 이용금액 포함) 이상 이용 시 제공됩니다.현장 결제 건(사이렌오더 포함)에만 제공되며, 백화점·마트 등에 입점한 매장에서는 혜택이 적용되지 않을 수 있습니다.상품권 및 선불카드 구매·충전 건은 혜택이 적용되지 않습니다.건당 5천원 이상 결제 시 혜택이 적용됩니다. [서비스 제공 기준] /실적기준: LIKIT fun 체크카드를 최초 발급하신 경우, 카드사용등록일~다음 달 말 일까지 지난달 이용실적에 관계없이 30만원 이용실적 구간의 혜택(커피 3회, 영화 1회, 편의점 1회, 이동통신 1회)이 제공됩니다. 카드사용등록일~다음 달 말일 기간에도 지난달 1일~말일 LIKIT fun 체크카드 이용실적이 50만원 또는 70만원 이상일 경우, 해당 이용실적별 캐시백 한도가 적용됩니다.본인 및 가족카드의 이용실적(1일~말일) 및 캐시백 한도(1일~말일)는 합산되어 제공됩니다. 남은 한도는 이월되지 않습니다.지난달 이용금액 중 실적에 포함된 매출을 취소하는 경우 지난달 이용실적 및 이번달 캐시백 한도가 변경될 수 있습니다.지난달 이용실적 산정 시 제외되는 이용금액: LIKIT fun 체크카드가 아닌 롯데카드 이용금액, 국세·지방세, 공과금, 건강보험, 국민연금, 고용보험, 산재보험, 장애인 고용부담금, 기프트·선불카드 충전 및 구매, 상품권 구매, 포인트 충전, 아파트관리비, 대학등록금, LH·SH 공사 공공임대료, 초·중·고등학교 납입금, 이자 및 각종 수수료/캐시백 이용기준: 승인시점 기준으로 남은 캐시백 한도 내에서 캐시백이 제공됩니다.캐시백은 결제 건이 롯데카드에 접수(약 2~3일 소요)된 후 결제 건별 캐시백 금액이 결제계좌로 입금됩니다.캐시백이 적용된 결제 건을 취소하는 경우 취소 건이 롯데카드에 접수된 후 캐시백 한도가 복원됩니다. 캐시백 한도가 복원되기 전의 결제 건은 승인시점 기준 캐시백 한도 내에서 캐시백이 적용되며, 추후 한도 복원 후에 별도 소급 적용되지 않습니다.결제 건을 취소하시는 경우 취소 건이 롯데카드에 접수된 후 환불됩니다. 캐시백이 적용된 결제 건을 취소하는 경우 캐시백 금액을 제외한 이용금액이 환불됩니다.결제 취소 건 접수 여부는 롯데카드 홈페이지(www.lottecard.co.kr)에서 회원가입 후 MY ▶ 카드이용내역 ▶ 정상·취소구분 ▶ 취소 선택 후 조회 시 확인할 수 있습니다.롯데카드에 등록된 가맹점 및 업종을 기준으로 혜택이 제공됩니다.롯데카드의 다른 캐시백 혜택과 중복 적용되지 않으며, 금액이 큰 혜택으로 적용됩니다.
<영화>[롯데시네마, CGV 2천원 캐시백] 표의 칼럼은 구분, 대상가맹점, 캐시백(1회당), 지난달 이용실적 및 캐시백 횟수 로 이루어져 있습니다.표의 칼럼은 구분, 대상가맹점, 캐시백(1회당), 지난달 이용실적 및 캐시백 횟수 로 이루어져 있습니다.표의 1번째 행은 롯데시네마CGV, 2천원, 1회, 2회, 3회 로 이루어져 있습니다.지난달 1일~말일까지 LIKIT fun 체크카드 30만원(캐시백 혜택이 적용된 이용금액 포함) 이상 이용 시 제공됩니다.정액 캐시백 혜택은 이용금액이 캐시백 금액 이상인 건만 혜택이 적용됩니다.현장 결제, 공식 홈페이지 및 앱을 통한 예매 시 혜택이 적용되며, 기프티콘, 상품권 구매 등 영화 예매 이외의 건은 혜택이 적용되지 않습니다.[서비스 제공 기준] /실적기준: LIKIT fun 체크카드를 최초 발급하신 경우, 카드사용등록일~다음 달 말 일까지 지난달 이용실적에 관계없이 30만원 이용실적 구간의 혜택(커피 3회, 영화 1회, 편의점 1회, 이동통신 1회)이 제공됩니다. 카드사용등록일~다음 달 말일 기간에도 지난달 1일~말일 LIKIT fun 체크카드 이용실적이 50만원 또는 70만원 이상일 경우, 해당 이용실적별 캐시백 한도가 적용됩니다.본인 및 가족카드의 이용실적(1일~말일) 및 캐시백 한도(1일~말일)는 합산되어 제공됩니다. 남은 한도는 이월되지 않습니다.지난달 이용금액 중 실적에 포함된 매출을 취소하는 경우 지난달 이용실적 및 이번달 캐시백 한도가 변경될 수 있습니다.지난달 이용실적 산정 시 제외되는 이용금액: LIKIT fun 체크카드가 아닌 롯데카드 이용금액, 국세·지방세, 공과금, 건강보험, 국민연금, 고용보험, 산재보험, 장애인 고용부담금, 기프트·선불카드 충전 및 구매, 상품권 구매, 포인트 충전, 아파트관리비, 대학등록금, LH·SH 공사 공공임대료, 초·중·고등학교 납입금, 이자 및 각종 수수료/캐시백 이용기준: 승인시점 기준으로 남은 캐시백 한도 내에서 캐시백이 제공됩니다.캐시백은 결제 건이 롯데카드에 접수(약 2~3일 소요)된 후 결제 건별 캐시백 금액이 결제계좌로 입금됩니다.캐시백이 적용된 결제 건을 취소하는 경우 취소 건이 롯데카드에 접수된 후 캐시백 한도가 복원됩니다. 캐시백 한도가 복원되기 전의 결제 건은 승인시점 기준 캐시백 한도 내에서 캐시백이 적용되며, 추후 한도 복원 후에 별도 소급 적용되지 않습니다.결제 건을 취소하시는 경우 취소 건이 롯데카드에 접수된 후 환불됩니다. 캐시백이 적용된 결제 건을 취소하는 경우 캐시백 금액을 제외한 이용금액이 환불됩니다.결제 취소 건 접수 여부는 롯데카드 홈페이지(www.lottecard.co.kr)에서 회원가입 후 MY ▶ 카드이용내역 ▶ 정상·취소구분 ▶ 취소 선택 후 조회 시 확인할 수 있습니다.롯데카드에 등록된 가맹점 및 업종을 기준으로 혜택이 제공됩니다.롯데카드의 다른 캐시백 혜택과 중복 적용되지 않으며, 금액이 큰 혜택으로 적용됩니다.
<편의점>[세븐일레븐, GS25, CU 1천원 캐시백] 표의 칼럼은 구분, 대상가맹점, 캐시백(1회당), 지난달 이용실적 및 캐시백 횟수 로 이루어져 있습니다.표의 칼럼은 구분, 대상가맹점, 캐시백(1회당), 지난달 이용실적 및 캐시백 횟수 로 이루어져 있습니다.표의 1번째 행은 세븐일레븐GS25 CU, 1천원, 1회, 2회, 3회 로 이루어져 있습니다.지난달 1일~말일까지 LIKIT fun 체크카드 30만원(캐시백 혜택이 적용된 이용금액 포함) 이상 이용 시 제공됩니다.선불카드 구매·충전 건은 혜택이 적용되지 않습니다.건당 5천원 이상 결제 시 혜택이 적용됩니다. [서비스 제공 기준] /실적기준: LIKIT fun 체크카드를 최초 발급하신 경우, 카드사용등록일~다음 달 말 일까지 지난달 이용실적에 관계없이 30만원 이용실적 구간의 혜택(커피 3회, 영화 1회, 편의점 1회, 이동통신 1회)이 제공됩니다. 카드사용등록일~다음 달 말일 기간에도 지난달 1일~말일 LIKIT fun 체크카드 이용실적이 50만원 또는 70만원 이상일 경우, 해당 이용실적별 캐시백 한도가 적용됩니다.본인 및 가족카드의 이용실적(1일~말일) 및 캐시백 한도(1일~말일)는 합산되어 제공됩니다. 남은 한도는 이월되지 않습니다.지난달 이용금액 중 실적에 포함된 매출을 취소하는 경우 지난달 이용실적 및 이번달 캐시백 한도가 변경될 수 있습니다.지난달 이용실적 산정 시 제외되는 이용금액: LIKIT fun 체크카드가 아닌 롯데카드 이용금액, 국세·지방세, 공과금, 건강보험, 국민연금, 고용보험, 산재보험, 장애인 고용부담금, 기프트·선불카드 충전 및 구매, 상품권 구매, 포인트 충전, 아파트관리비, 대학등록금, LH·SH 공사 공공임대료, 초·중·고등학교 납입금, 이자 및 각종 수수료/캐시백 이용기준: 승인시점 기준으로 남은 캐시백 한도 내에서 캐시백이 제공됩니다.캐시백은 결제 건이 롯데카드에 접수(약 2~3일 소요)된 후 결제 건별 캐시백 금액이 결제계좌로 입금됩니다.캐시백이 적용된 결제 건을 취소하는 경우 취소 건이 롯데카드에 접수된 후 캐시백 한도가 복원됩니다. 캐시백 한도가 복원되기 전의 결제 건은 승인시점 기준 캐시백 한도 내에서 캐시백이 적용되며, 추후 한도 복원 후에 별도 소급 적용되지 않습니다.결제 건을 취소하시는 경우 취소 건이 롯데카드에 접수된 후 환불됩니다. 캐시백이 적용된 결제 건을 취소하는 경우 캐시백 금액을 제외한 이용금액이 환불됩니다.결제 취소 건 접수 여부는 롯데카드 홈페이지(www.lottecard.co.kr)에서 회원가입 후 MY ▶ 카드이용내역 ▶ 정상·취소구분 ▶ 취소 선택 후 조회 시 확인할 수 있습니다.롯데카드에 등록된 가맹점 및 업종을 기준으로 혜택이 제공됩니다.롯데카드의 다른 캐시백 혜택과 중복 적용되지 않으며, 금액이 큰 혜택으로 적용됩니다.
<이동통신 >[SKT, KT, LG U+ 2천원 캐시백] 표의 칼럼은 구분, 대상가맹점, 캐시백(1회당), 지난달 이용실적 및 캐시백 횟수 로 이루어져 있습니다.표의 칼럼은 구분, 대상가맹점, 캐시백(1회당), 지난달 이용실적 및 캐시백 횟수 로 이루어져 있습니다.표의 1번째 행은 SKT KTLG U+, 2천원, 1회 로 이루어져 있습니다.지난달 1일~말일까지 LIKIT fun 체크카드 30만원(캐시백 혜택이 적용된 이용금액 포함) 이상 이용 시 제공됩니다.정액 캐시백 혜택은 이용금액이 캐시백 금액 이상인 건만 혜택이 적용됩니다. 이동통신요금 자동이체 결제 건에만 월 1회(최초 결제 접수 건) 제공되며, 인터넷·TV 등 결합상품 결제 건, 알뜰폰 이용요금 결제 건은 혜택이 적용되지 않습니다.[서비스 제공 기준] /실적기준: LIKIT fun 체크카드를 최초 발급하신 경우, 카드사용등록일~다음 달 말 일까지 지난달 이용실적에 관계없이 30만원 이용실적 구간의 혜택(커피 3회, 영화 1회, 편의점 1회, 이동통신 1회)이 제공됩니다. 카드사용등록일~다음 달 말일 기간에도 지난달 1일~말일 LIKIT fun 체크카드 이용실적이 50만원 또는 70만원 이상일 경우, 해당 이용실적별 캐시백 한도가 적용됩니다.본인 및 가족카드의 이용실적(1일~말일) 및 캐시백 한도(1일~말일)는 합산되어 제공됩니다. 남은 한도는 이월되지 않습니다.지난달 이용금액 중 실적에 포함된 매출을 취소하는 경우 지난달 이용실적 및 이번달 캐시백 한도가 변경될 수 있습니다.지난달 이용실적 산정 시 제외되는 이용금액: LIKIT fun 체크카드가 아닌 롯데카드 이용금액, 국세·지방세, 공과금, 건강보험, 국민연금, 고용보험, 산재보험, 장애인 고용부담금, 기프트·선불카드 충전 및 구매, 상품권 구매, 포인트 충전, 아파트관리비, 대학등록금, LH·SH 공사 공공임대료, 초·중·고등학교 납입금, 이자 및 각종 수수료/캐시백 이용기준: 승인시점 기준으로 남은 캐시백 한도 내에서 캐시백이 제공됩니다.캐시백은 결제 건이 롯데카드에 접수(약 2~3일 소요)된 후 결제 건별 캐시백 금액이 결제계좌로 입금됩니다.캐시백이 적용된 결제 건을 취소하는 경우 취소 건이 롯데카드에 접수된 후 캐시백 한도가 복원됩니다. 캐시백 한도가 복원되기 전의 결제 건은 승인시점 기준 캐시백 한도 내에서 캐시백이 적용되며, 추후 한도 복원 후에 별도 소급 적용되지 않습니다.결제 건을 취소하시는 경우 취소 건이 롯데카드에 접수된 후 환불됩니다. 캐시백이 적용된 결제 건을 취소하는 경우 캐시백 금액을 제외한 이용금액이 환불됩니다.결제 취소 건 접수 여부는 롯데카드 홈페이지(www.lottecard.co.kr)에서 회원가입 후 MY ▶ 카드이용내역 ▶ 정상·취소구분 ▶ 취소 선택 후 조회 시 확인할 수 있습니다.롯데카드에 등록된 가맹점 및 업종을 기준으로 혜택이 제공됩니다.롯데카드의 다른 캐시백 혜택과 중복 적용되지 않으며, 금액이 큰 혜택으로 적용됩니다.
<체크카드 안내>[체크카드 안내] /발급대상: 만 12세 이상의 제휴은행 계좌 보유 고객만 12세~17세인 경우 법적 대리인 동의가 필요하며, 카드 발급은 롯데카드센터에서만 가능합니다./제휴은행: 신한, 우리, 국민, 농협, KEB하나, 기업, SC제일, 수협, 부산, 대구, 경남, 광주, 전북/이용안내: 일 600만원, 월 2,000만원 이용한도 부여(만 12세~13세 회원은 일 3만원, 월 30만원 이용한도 부여)본인의 직계가족 3인까지 가족카드 발급 가능이용제한 가맹점: 철도 승차권 예약 등 일부 가맹점/ATM 현금인출: 은행 현금카드와 동일하게 은행 ATM에서 현금인출 가능현금인출 가능 은행: 신한, 우리※ 자세한 내용은 롯데카드 홈페이지(www.lottecard.co.kr) ▶ 카드 ▶ 카드별 이용안내 ▶ 체크카드 이용안내를 참고해주시기 바랍니다.
",2024-03-17 15:24:04.826064,DebitCard
5,롯데체크카드,https://once-s3.s3.ap-northeast-2.amazonaws.com/lottecard/C00041-B13358.png,"<혜택>[포인트 적립] 전국 가맹점에서 롯데카드 제공 L.POINT 0.2% 적립SK주유소(LPG 제외)에서 리터당 50포인트 롯데 SK주유포인트 적립[연회비 면제] 평생 연회비가 면제됩니다.[해외이용] /해외이용 안내: [해외 가맹점 이용]해외 VISA 전 가맹점(온라인가맹점 포함)에서 일시불 거래만 가능합니다.(단, 호텔, 렌터카, 항공사, 주유소, 도박, 통신판매 등 해외 일부 업종에서 이용이 제한될 수 있습니다.)해외 이용 시 미화(USD)기준 이용 금액에 국제브랜드사가 부과하는 수수료(VISA 1%)를 포함하여 접수일의 환율 적용 후 롯데카드가 부과하는 해외 이용 수수료(0.2%)를 포함한 금액으로 출금됩니다.[해외 ATM 이용]해외 VISA 또는 PLUS/ 은련(Unionpay) 로고가 부착된 ATM에서 예금(현지통화)인출이 가능합니다.예금 인출 시 해외 이용 수수료(VISA : 인출금액의 1% + USD 3.0, 은련(Unionpay) : 건당 USD 2.5)가 포함되어 출금됩니다.국제브랜드사 수수료의 경우, 국제브랜드사 정책에 따라 달라질 수 있습니다.
<청소년후불교통서비스>[청소년후불교통 서비스] 롯데체크카드 부가 서비스로 제공발급대상 : 만 12세 ~ 만 18세(모든카드사 합산 1매만 발급가능)        만 12세~만 17세 미성년자는 법정대리인의 동의서 제출 필수후불교통 : 선택 시 발급 가능후불교통카드 월 이용한도는 5만원이며, 이용한도 초과 시 교통카드 사용이 불가능합니다. 다만, 교통카드 이용내역 및 금액 정산체계로 인해 일시적으로 이용한도를 초과하여 사용할 수 있습니다.후불교통카드 이용금액(1일~말일)은 회원님 계좌에서 즉시 출금되지 않으며, 결제일에 합산하여 출급됩니다.카드 결제일에 이용금액이 정상출금되지 않을 경우, 결제일로부터 일정기간 교통카드 사용이 불가할 수 있습니다.연체, 탈회 등 사고코드 등 해제 사유 발생 시 카드를 정상적으로 이용하는데 2~3일(평일 기준)정도 소요됩니다.만 12세~만 18세의 미성년자가 성년이 될 경우 후불교통이용한도가 상향되며, 이후 이용금액 연체시 연체정보가 대외기관에 통보되어 신용상 불이익을 받을 수 있습니다.
",2024-03-17 15:24:05.233819,DebitCard
5,LIKIT on 체크플러스 카드,https://once-s3.s3.ap-northeast-2.amazonaws.com/lottecard/C12846-A12846.png,"<온라인>[온라인 이용 건 3% 캐시백] 표의 칼럼은 구분, 캐시백 적용률, 지난달 이용실적 및 할인한도, 30만원 이상, 50만원 이상 로 이루어져 있습니다.표의 칼럼은 구분, 캐시백 적용률, 지난달 이용실적 및 할인한도, 30만원 이상, 50만원 이상 로 이루어져 있습니다.표의 1번째 행은 3%, 3천원, 4천원 로 이루어져 있습니다.온라인 혜택은 소셜커머스·오픈마켓 혜택과 중복 적용되지 않으며, 캐시백 금액이 더 큰 혜택이 우선 적용됩니다./LIKIT on 체크플러스 카드 공통 혜택 안내: 지난달 1일 ~ 말일까지 LIKIT on 체크플러스 카드 30만원(캐시백 혜택이 적용된 이용금액 포함) 이상 이용 시 제공됩니다.상품권 및 기프트 카드 구매, 포인트 충전 건은 혜택이 적용되지 않습니다.[서비스 제공 기준] /실적기준: LIKIT on 체크플러스 카드를 최초 발급하신 경우, 카드사용등록일~다음달 말일까지 지난달 이용실적에 관계없이 온라인 3천원, 소셜커머스·오픈마켓 2천원 혜택이 제공됩니다.카드사용등록일~다음달 말일 기간에도 지난달 1일~말일 LIKIT on 체크플러스 카드 이용실적이 50만원 이상일 경우, 온라인 4천원, 소셜커머스·오픈마켓 4천원 혜택이 적용됩니다.본인 및 가족카드의 이용실적(1일~말일) 및 캐시백 한도(1일~말일)는 합산되어 제공됩니다. 남은 한도는 이월되지 않습니다.지난달 이용실적 산정 시 제외되는 이용금액: LIKIT on 체크플러스 카드가 아닌 롯데카드 이용금액, 국세·지방세, 공과금, 건강보험, 국민연금, 고용보험, 산재보험, 장애인 고용부담금, 기프트·선불카드 충전 및 구매, 상품권 구매, 포인트 충전, 아파트관리비, 대학등록금, 이자 및 각종 수수료/캐시백 이용기준: 승인시점 기준으로 남은 캐시백 한도 내에서 캐시백이 제공됩니다.캐시백은 결제 건이 롯데카드에 접수(약 2~3일 소요)된 후 결제 건별 캐시백 금액이 결제계좌로 입금됩니다.캐시백이 적용된 결제 건을 취소하는 경우 취소 건이 롯데카드에 접수된 후 캐시백 한도가 복원됩니다. 캐시백 한도가 복원되기 전의 결제 건은 승인시점 기준 캐시백 한도 내에서 캐시백이 적용되며, 추후 한도 복원 후에 별도 소급 적용되지 않습니다.결제 건을 취소하시는 경우 취소 건이 롯데카드에 접수된 후 환불됩니다. 캐시백이 적용된 결제 건을 취소하는 경우 캐시백 금액을 제외한 이용금액이 환불됩니다.결제 취소 건 접수 여부는 롯데카드 홈페이지(www.lottecard.co.kr)에서 회원가입 후 MY ▶ 카드이용내역 ▶ 정상·취소구분 ▶ 취소 선택 후 조회 시 확인할 수 있습니다.지난달 이용금액 중 실적에 포함된 매출을 취소하는 경우 지난달 이용실적 및 이번달 캐시백 한도가 변경될 수 있습니다.롯데카드에 등록된 가맹점의 업종을 기준으로 혜택이 제공됩니다.롯데카드의 다른 캐시백 혜택과 중복 적용되지 않으며, 금액이 큰 혜택으로 적용됩니다.
<소셜커머스·오픈마켓>[쿠팡, 티몬, 위메프, 11번가, 옥션, G마켓 5% 캐시백] 표의 칼럼은 구분, 캐시백 적용률, 지난달 이용실적 및 할인한도, 30만원 이상, 50만원 이상 로 이루어져 있습니다.표의 칼럼은 구분, 캐시백 적용률, 지난달 이용실적 및 할인한도, 30만원 이상, 50만원 이상 로 이루어져 있습니다.표의 1번째 행은 5%, 2천원, 4천원 로 이루어져 있습니다.일부 PG(결제대행)업체를 통한 결제 시 혜택이 제공되지 않을 수 있습니다./LIKIT on 체크플러스 카드 공통 혜택 안내: 지난달 1일 ~ 말일까지 LIKIT on 체크플러스 카드 30만원(캐시백 혜택이 적용된 이용금액 포함) 이상 이용 시 제공됩니다.상품권 및 기프트 카드 구매, 포인트 충전 건은 혜택이 적용되지 않습니다.[서비스 제공 기준] /실적기준: LIKIT on 체크플러스 카드를 최초 발급하신 경우, 카드사용등록일~다음달 말일까지 지난달 이용실적에 관계없이 온라인 3천원, 소셜커머스·오픈마켓 2천원 혜택이 제공됩니다.카드사용등록일~다음달 말일 기간에도 지난달 1일~말일 LIKIT on 체크플러스 카드 이용실적이 50만원 이상일 경우, 온라인 4천원, 소셜커머스·오픈마켓 4천원 혜택이 적용됩니다.본인 및 가족카드의 이용실적(1일~말일) 및 캐시백 한도(1일~말일)는 합산되어 제공됩니다. 남은 한도는 이월되지 않습니다.지난달 이용실적 산정 시 제외되는 이용금액: LIKIT on 체크플러스 카드가 아닌 롯데카드 이용금액, 국세·지방세, 공과금, 건강보험, 국민연금, 고용보험, 산재보험, 장애인 고용부담금, 기프트·선불카드 충전 및 구매, 상품권 구매, 포인트 충전, 아파트관리비, 대학등록금, 이자 및 각종 수수료/캐시백 이용기준: 승인시점 기준으로 남은 캐시백 한도 내에서 캐시백이 제공됩니다.캐시백은 결제 건이 롯데카드에 접수(약 2~3일 소요)된 후 결제 건별 캐시백 금액이 결제계좌로 입금됩니다.캐시백이 적용된 결제 건을 취소하는 경우 취소 건이 롯데카드에 접수된 후 캐시백 한도가 복원됩니다. 캐시백 한도가 복원되기 전의 결제 건은 승인시점 기준 캐시백 한도 내에서 캐시백이 적용되며, 추후 한도 복원 후에 별도 소급 적용되지 않습니다.결제 건을 취소하시는 경우 취소 건이 롯데카드에 접수된 후 환불됩니다. 캐시백이 적용된 결제 건을 취소하는 경우 캐시백 금액을 제외한 이용금액이 환불됩니다.결제 취소 건 접수 여부는 롯데카드 홈페이지(www.lottecard.co.kr)에서 회원가입 후 MY ▶ 카드이용내역 ▶ 정상·취소구분 ▶ 취소 선택 후 조회 시 확인할 수 있습니다.지난달 이용금액 중 실적에 포함된 매출을 취소하는 경우 지난달 이용실적 및 이번달 캐시백 한도가 변경될 수 있습니다.롯데카드에 등록된 가맹점의 업종을 기준으로 혜택이 제공됩니다.롯데카드의 다른 캐시백 혜택과 중복 적용되지 않으며, 금액이 큰 혜택으로 적용됩니다.
<체크카드 안내>[체크카드 안내] /발급대상: 만 12세 이상의 제휴은행 계좌 보유 고객만 12세~17세인 경우 법적 대리인 동의가 필요하며, 카드 발급은 롯데카드센터에서만 가능합니다./제휴은행: 신한, 우리, 국민, 농협, KEB하나, 기업, SC제일, 수협, 부산, 대구, 경남, 광주, 전북/이용안내: 일 600만원, 월 2,000만원 이용한도 부여(만 12세~13세 회원은 일 3만원, 월 30만원 이용한도 부여)본인의 직계가족 3인까지 가족카드 발급 가능이용제한 가맹점: 철도 승차권 예약 등 일부 가맹점/ATM 현금인출: 은행 현금카드와 동일하게 은행 ATM에서 현금인출 가능현금인출 가능 은행: 신한, 우리※자세한 내용은 롯데카드 홈페이지(www.lottecard.co.kr) ▶ 카드 ▶ 카드별 이용안내 ▶ 체크카드 이용안내를 참고해주시기 바랍니다.[체크소액신용 서비스(체크플러스) 안내] /LIKIT 체크카드에 신용결제 서비스를 PLUS!신용한도 결제능력을 평가할 수 있는 기준에 따라 심사를 거쳐 최고 30만원 일시불 신용한도가 부여됩니다.: /발급대상: 만 18세 이상의 제휴은행 계좌 보유 고객/제휴은행: 신한, 우리, 국민, 농협, KEB하나, 기업, SC제일, 수협, 부산, 대구, 경남, 광주, 전북/이용안내: LIKIT 체크카드 혜택 적용 대상 신용결제 건은 결제일 할인 제공소득공제 시 신용카드와 체크카드 실적 별도 산정/반드시 확인하세요!: 다음의 경우 전액 신용카드로 결제 처리되며, 신용결제 이용대금은 결제일에 체크카드 계좌로 청구됩니다.교통카드 이용(월 중 접수된 교통 이용금액을 다음 달 초에 최종 확정하여 결제)체크카드 일일·월간 이용한도 초과포인트 사용 건체크카드 이용제한 가맹점계좌잔액 부족계좌개설 은행의 전산점검 및 전산장애(체크카드 이용제한 시간 거래 시 등)
",2024-03-17 15:24:05.652727,DebitCard
5,LIKIT on 체크카드,https://once-s3.s3.ap-northeast-2.amazonaws.com/lottecard/C12833-A12833.png,"<온라인 혜택>[온라인 이용 건 3% 캐시백] 표의 칼럼은 구분, 캐시백 적용률, 지난달 이용실적 및 할인한도, 30만원 이상, 50만원 이상 로 이루어져 있습니다.표의 칼럼은 구분, 캐시백 적용률, 지난달 이용실적 및 할인한도, 30만원 이상, 50만원 이상 로 이루어져 있습니다.표의 1번째 행은 3%, 3천원, 4천원 로 이루어져 있습니다.온라인 혜택은 소셜커머스·오픈마켓 혜택과 중복 적용되지 않으며, 캐시백 금액이 더 큰 혜택이 우선 적용됩니다./LIKIT on 체크카드 공통 혜택 안내: 지난달 1일~말일까지 LIKIT on 체크카드 30만원(캐시백 혜택이 적용된 이용금액 포함) 이상 이용 시 제공됩니다.상품권 및 기프트 카드 구매, 포인트 충전 건은 혜택이 적용되지 않습니다.[서비스 제공 기준] /실적기준: LIKIT on 체크카드를 최초 발급하신 경우, 카드사용등록일~다음달 말일까지 지난달 이용실적에 관계없이 온라인 3천원, 소셜커머스·오픈마켓 2천원 혜택이 제공됩니다.카드사용등록일~다음달 말일 기간에도 지난달 1일~말일 LIKIT on 체크카드 이용실적이 50만원 이상일 경우, 온라인 4천원, 소셜커머스·오픈마켓 4천원 혜택이 적용됩니다.본인 및 가족카드의 이용실적(1일~말일) 및 캐시백 한도(1일~말일)는 합산되어 제공됩니다. 남은 한도는 이월되지 않습니다.지난달 이용실적 산정 시 제외되는 이용금액: LIKIT on 체크카드가 아닌 롯데카드 이용금액, 국세·지방세, 공과금, 건강보험, 국민연금, 고용보험, 산재보험, 장애인 고용부담금, 기프트·선불카드 충전 및 구매, 상품권 구매, 포인트 충전, 아파트관리비, 대학등록금, 이자 및 각종 수수료/캐시백 이용기준: 승인시점 기준으로 남은 캐시백 한도 내에서 캐시백이 제공됩니다.캐시백은 결제 건이 롯데카드에 접수(약 2~3일 소요)된 후 결제 건별 캐시백 금액이 결제계좌로 입금됩니다.캐시백이 적용된 결제 건을 취소하는 경우 취소 건이 롯데카드에 접수된 후 캐시백 한도가 복원됩니다. 캐시백 한도가 복원되기 전의 결제 건은 승인시점 기준 캐시백 한도 내에서 캐시백이 적용되며, 추후 한도 복원 후에 별도 소급 적용되지 않습니다.결제 건을 취소하시는 경우 취소 건이 롯데카드에 접수된 후 환불됩니다. 캐시백이 적용된 결제 건을 취소하는 경우 캐시백 금액을 제외한 이용금액이 환불됩니다.결제 취소 건 접수 여부는 롯데카드 홈페이지(www.lottecard.co.kr)에서 회원가입 후 MY ▶ 카드이용내역 ▶ 정상·취소구분 ▶ 취소 선택 후 조회 시 확인할 수 있습니다.지난달 이용금액 중 실적에 포함된 매출을 취소하는 경우 지난달 이용실적 및 이번달 캐시백 한도가 변경될 수 있습니다.롯데카드에 등록된 가맹점 및 업종을 기준으로 혜택이 제공됩니다.롯데카드의 다른 캐시백 혜택과 중복 적용되지 않으며, 금액이 큰 혜택으로 적용됩니다.
<소셜커머스·오픈마켓 혜택>[쿠팡, 티몬, 위메프, 11번가, 옥션, G마켓 5% 캐시백] 표의 칼럼은 구분, 캐시백 적용률, 지난달 이용실적 및 할인한도, 30만원 이상, 50만원 이상 로 이루어져 있습니다.표의 칼럼은 구분, 캐시백 적용률, 지난달 이용실적 및 할인한도, 30만원 이상, 50만원 이상 로 이루어져 있습니다.표의 1번째 행은 5%, 2천원, 4천원 로 이루어져 있습니다.일부 PG(결제대행)업체를 통한 결제 시 혜택이 제공되지 않을 수 있습니다./LIKIT on 체크카드 공통 혜택 안내: 지난달 1일~말일까지 LIKIT on 체크카드 30만원(캐시백 혜택이 적용된 이용금액 포함) 이상 이용 시 제공됩니다.상품권 및 기프트 카드 구매, 포인트 충전 건은 혜택이 적용되지 않습니다.[서비스 제공 기준] /실적기준: LIKIT on 체크카드를 최초 발급하신 경우, 카드사용등록일~다음달 말일까지 지난달 이용실적에 관계없이 온라인 3천원, 소셜커머스·오픈마켓 2천원 혜택이 제공됩니다.카드사용등록일~다음달 말일 기간에도 지난달 1일~말일 LIKIT on 체크카드 이용실적이 50만원 이상일 경우, 온라인 4천원, 소셜커머스·오픈마켓 4천원 혜택이 적용됩니다.본인 및 가족카드의 이용실적(1일~말일) 및 캐시백 한도(1일~말일)는 합산되어 제공됩니다. 남은 한도는 이월되지 않습니다.지난달 이용실적 산정 시 제외되는 이용금액: LIKIT on 체크카드가 아닌 롯데카드 이용금액, 국세·지방세, 공과금, 건강보험, 국민연금, 고용보험, 산재보험, 장애인 고용부담금, 기프트·선불카드 충전 및 구매, 상품권 구매, 포인트 충전, 아파트관리비, 대학등록금, 이자 및 각종 수수료/캐시백 이용기준: 승인시점 기준으로 남은 캐시백 한도 내에서 캐시백이 제공됩니다.캐시백은 결제 건이 롯데카드에 접수(약 2~3일 소요)된 후 결제 건별 캐시백 금액이 결제계좌로 입금됩니다.캐시백이 적용된 결제 건을 취소하는 경우 취소 건이 롯데카드에 접수된 후 캐시백 한도가 복원됩니다. 캐시백 한도가 복원되기 전의 결제 건은 승인시점 기준 캐시백 한도 내에서 캐시백이 적용되며, 추후 한도 복원 후에 별도 소급 적용되지 않습니다.결제 건을 취소하시는 경우 취소 건이 롯데카드에 접수된 후 환불됩니다. 캐시백이 적용된 결제 건을 취소하는 경우 캐시백 금액을 제외한 이용금액이 환불됩니다.결제 취소 건 접수 여부는 롯데카드 홈페이지(www.lottecard.co.kr)에서 회원가입 후 MY ▶ 카드이용내역 ▶ 정상·취소구분 ▶ 취소 선택 후 조회 시 확인할 수 있습니다.지난달 이용금액 중 실적에 포함된 매출을 취소하는 경우 지난달 이용실적 및 이번달 캐시백 한도가 변경될 수 있습니다.롯데카드에 등록된 가맹점 및 업종을 기준으로 혜택이 제공됩니다.롯데카드의 다른 캐시백 혜택과 중복 적용되지 않으며, 금액이 큰 혜택으로 적용됩니다.
<체크카드 안내>[체크카드 안내] /발급대상: 만 12세 이상의 제휴은행 계좌 보유 고객만 12세~17세인 경우 법적 대리인 동의가 필요하며, 카드 발급은 롯데카드센터에서만 가능합니다./제휴은행: 신한, 우리, 국민, 농협, KEB하나, 기업, SC제일, 수협, 부산, 대구, 경남, 광주, 전북/이용안내: 일 600만원, 월 2,000만원 이용한도 부여(만 12세~13세 회원은 일 3만원, 월 30만원 이용한도 부여)본인의 직계가족 3인까지 가족카드 발급 가능이용제한 가맹점: 철도 승차권 예약 등 일부 가맹점/ATM 현금인출: 은행 현금카드와 동일하게 은행 ATM에서 현금인출 가능현금인출 가능 은행: 신한, 우리※ 자세한 내용은 롯데카드 홈페이지(www.lottecard.co.kr) ▶ 카드 ▶ 카드별 이용안내 ▶ 체크카드 이용안내를 참고해주시기 바랍니다.
",2024-03-17 15:24:06.042788,DebitCard
5,LIKIT all 체크플러스 카드,https://once-s3.s3.ap-northeast-2.amazonaws.com/lottecard/C12807-A12807.png,"<기본혜택>[국내(온·오프라인) 가맹점 0.2% 캐시백] 실적조건, 한도제한 없이 0.2% 혜택이 적용됩니다./LIKIT all 체크플러스 카드 혜택 안내: 캐시백 제외 대상: 국세·지방세, 공과금, 건강보험, 국민연금, 고용보험, 산재보험, 장애인 고용부담금, 오토·스마트 캐시백 신청 매출, 기프트·선불카드 충전 및 구매, 상품권 구매, 포인트 충전, 아파트관리비, 대학등록금, 이자 및 각종수수료기본 혜택은 한도 제한 없이 혜택을 제공합니다.[서비스 제공 기준] /캐시백 이용기준: 승인시점 기준으로 혜택이 적용됩니다.캐시백은 결제 건이 롯데카드에 접수(약 2~3일 소요)된 후 결제 건별 캐시백 금액이 결제계좌로 입금됩니다.결제 건을 취소하시는 경우 취소 건이 롯데카드에 접수된 후 환불됩니다. 캐시백이 적용된 결제 건을 취소하는 경우 캐시백 금액을 제외한 이용금액이 환불됩니다.결제 취소 건 접수 여부는 롯데카드 홈페이지(www.lottecard.co.kr)에서 회원가입 후 MY ▶ 카드이용내역 ▶ 정상·취소구분 ▶ 취소 선택 후 조회 시 확인할 수 있습니다.롯데카드에 등록된 가맹점 및 업종을 기준으로 혜택이 제공됩니다.롯데카드의 다른 캐시백 혜택과 중복 적용되지 않으며, 금액이 큰 혜택으로 적용됩니다.
<추가혜택>[주말 및 공휴일 0.2% 추가 캐시백] 추가 혜택은 지난달 1일~말일까지 LIKIT all  체크플러스 카드 30만원(캐시백 혜택이 적용된 이용금액 포함) 이상 이용 시 제공됩니다.주말 및 공휴일에 국내(온·오프라인) 가맹점 0.2% 추가 혜택이 적용됩니다./LIKIT all 체크플러스 카드 혜택 안내: 캐시백 제외 대상: 국세·지방세, 공과금, 건강보험, 국민연금, 고용보험, 산재보험, 장애인고용부담금, 오토·스마트 캐시백 신청 매출, 기프트·선불카드 충전 및 구매, 상품권 구매, 포인트 충전, 아파트관리비, 대학등록금, 이자 및 각종 수수료추가 혜택은 한도 제한 없이 혜택을 제공합니다.[서비스 제공 기준] /실적기준: LIKIT all 체크플러스 카드를 최초 발급하신 경우, 카드사용등록일~다음달 말일까지 지난달 이용실적에 관계없이 추가혜택(주말 및 공휴일 0.2% 추가 캐시백)이 제공됩니다.본인 및 가족카드의 이용실적(1일~말일)은 합산되어 제공됩니다.지난달 이용실적 산정 시 제외되는 이용금액: LIKIT all 체크플러스 카드가 아닌 롯데카드 이용금액, 국세·지방세, 공과금, 건강보험, 국민연금, 고용보험, 산재보험, 장애인 고용부담금, 기프트·선불카드 충전 및 구매, 상품권 구매, 포인트 충전, 아파트관리비, 대학등록금, 이자 및 각종 수수료/캐시백 이용기준: 승인시점 기준으로 혜택이 적용됩니다.캐시백은 결제 건이 롯데카드에 접수(약 2~3일 소요)된 후 결제 건별 캐시백 금액이 결제계좌로 입금됩니다.결제 건을 취소하시는 경우 취소 건이 롯데카드에 접수된 후 환불됩니다. 캐시백이 적용된 결제 건을 취소하는 경우 캐시백 금액을 제외한 이용금액이 환불됩니다.결제 취소 건 접수 여부는 롯데카드 홈페이지(www.lottecard.co.kr)에서 회원가입 후 MY ▶ 카드이용내역 ▶ 정상·취소구분 ▶ 취소 선택 후 조회 시 확인할 수 있습니다.지난달 이용금액 중 실적에 포함된 매출을 취소하는 경우 지난달 이용실적이 변경될 수 있습니다.롯데카드에 등록된 가맹점 및 업종을 기준으로 혜택이 제공됩니다.롯데카드의 다른 캐시백 혜택과 중복 적용되지 않으며, 금액이 큰 혜택으로 적용됩니다.
<체크카드 안내>[체크카드 안내] /발급대상: 만 12세 이상의 제휴은행 계좌 보유 고객만 12세~17세인 경우 법적 대리인 동의가 필요하며, 카드 발급은 롯데카드센터에서만 가능합니다./제휴은행: 신한, 우리, 국민, 농협, KEB하나, 기업, SC제일, 수협, 부산, 대구, 경남, 광주, 전북/이용안내: 일 600만원, 월 2,000만원 이용한도 부여(만 12세~13세 회원은 일 3만원, 월 30만원 이용한도 부여)본인의 직계가족 3인까지 가족카드 발급 가능이용제한 가맹점: 철도 승차권 예약 등 일부 가맹점/ATM 현금인출: 은행 현금카드와 동일하게 은행 ATM에서 현금인출 가능현금인출 가능 은행: 신한, 우리※자세한 내용은 롯데카드 홈페이지(www.lottecard.co.kr) ▶ 카드 ▶ 카드별 이용안내 ▶ 체크카드 이용안내를 참고해주시기 바랍니다.[체크소액신용 서비스(체크플러스) 안내] /LIKIT 체크카드에 신용결제 서비스를 PLUS!신용한도 결제능력을 평가할 수 있는 기준에 따라 심사를 거쳐 최고 30만원 일시불 신용한도가 부여됩니다.: /발급대상: 만 18세 이상의 제휴은행 계좌 보유 고객/제휴은행: 신한, 우리, 국민, 농협, KEB하나, 기업, SC제일, 수협, 부산, 대구, 경남, 광주, 전북/이용안내: LIKIT 체크카드 혜택 적용 대상 신용결제 건은 결제일 할인 제공소득공제 시 신용카드와 체크카드 실적 별도 산정/반드시 확인하세요!: 다음의 경우 전액 신용카드로 결제 처리되며, 신용결제 이용대금은 결제일에 체크카드 계좌로 청구됩니다.교통카드 이용(월 중 접수된 교통 이용금액을 다음 달 초에 최종 확정하여 결제)체크카드 일일·월간 이용한도 초과포인트 사용 건체크카드 이용제한 가맹점계좌잔액 부족계좌개설 은행의 전산점검 및 전산장애(체크카드 이용제한 시간 거래 시 등)
",2024-03-17 15:24:06.479322,DebitCard
5,롯데 국민행복 체크카드,https://image.lottecard.co.kr/UploadFiles/ecenterPath/cdInfo/ecenterCdInfoC10991-A10991_nm1.png,"<국가바우처>[국가바우처(정부지원금)] /국민행복카드란?: 신용/체크카드 기능은 물론 한 장의 카드로 정부의 다양한 국가바우처서비스를 받을 수 있는 상품입니다.(국가바우처 서비스는 각 해당기관에 별도 신청)건강보험 임신 · 출산 진료비 지원적용시점 : 2022년 1월 1일대상 : 건강보험 가입자 또는 피부양자인 임신부지원금액 : 임신 1회당 100만원 (다태아임신부 140만원)지원기간 : 사용시작일 ~ 출산일(유·사산일)부터 2년까지신청방법 : 산부인과 병·의원에서 건강보험 임신·출산 진료비 지원 신청 및 임신확인서를 발급받아 접수처에 바우처 신청임신·출산 진료비지원 지정요양기관은 http://hi.nhis.or.kr 참조자세한 사항은 http://minwon.nhis.or.kr -건강보험안내- 보험급여 참조청소년산모 임신 · 출산 의료비 지원적용시점 : 2022년 1월 1일대상 : 만 18세 이하 임산부지원금액 : 임신 1회당 120만원 내지원기간 : 사용시작일 ~ 출산일(유·사산일)부터 2년까지지원범위 : 지정요양기관에서 임신 및 출산 관련 진료보육료 · 유아학비 지원(아이행복카드)적용시점 : 2015년 5월 1일대상 : 만 0세 ~ 5세 취학 전 아동을 둔 부모지원금액 : 지원대상자별 상이지원범위 : 어린이집, 유치원의 보육료 및 유아학비를 지원산모 · 신생아 건강관리 지원사업적용시점: 2015년 7월 1일대상 : 출산(예정)일 전 40일부터 출산일로부터 30일 이내인 기준중위소득 80% 이하 임산부지원금액 : 지원대상자 별 상이지원범위 : 산모 및 신생아의 건강관리 돌봄서비스 제공아이돌봄 지원사업적용시점 : 2017년 1월 1일부터 사용가능대상 : 만 12세 이하 아동을 둔 돌봄이 필요한 가정지원금액 : 지원대상자 별 상이기타 자세한 사항은 아래 홈페이지 및 콜센터로 문의주시기 바랍니다.사회서비스 바우처 : http://www.socialservice.or.kr아이돌봄 홈페이지 : https://www.idolbom.go.kr향후 이용가능한 바우처 사업은 지속 확대 예정입니다
<특화서비스>[행복 맞춤 서비스] .listDep1.undot > li:before{content:none;}(통합 캐시백한도 내 적용)표의 칼럼은 구분, 할인대상, 캐시백할인율(액), 할인횟수(금액), 캐시백한도, 비고 로 이루어져 있습니다.표의 칼럼은 구분, 할인대상, 캐시백할인율(액), 할인횟수(금액), 캐시백한도, 비고 로 이루어져 있습니다.표의 1번째 행은 롯데마트(몰) 롯데홈쇼핑(아이몰) G마켓 인터파크 옥션 베페몰 보리보리아이맘 파스퇴르몰, 5%, 월 2회, 건당 5천원 캐시백한도, - 로 이루어져 있습니다.표의 2번째 행은 병원 약국 산후조리원 업종, 5%, 월 이용금액 5만원 내, 월 2500원 캐시백한도, 정부 지원금액에 대해서는 캐시백제외 로 이루어져 있습니다.표의 3번째 행은 어린이집 보육료 유치원 유아학비, 10%, 월 이용금액 5만원 내, 월 5천원 캐시백한도, 정부지원금에 대해서는 캐시백 제외 로 이루어져 있습니다.표의 4번째 행은 학원학습지(교육기자재) 업종, 10%, 월 1회 월 이용금액 10만원 내, 월 1만원 캐시백한도, - 로 이루어져 있습니다.표의 5번째 행은 유원지 놀이시설 업종, 10%, -, -, - 로 이루어져 있습니다.신용/체크 서비스 할인대상업종(비영리단체제외)은 당사 가맹점업종으로 등록된 기준으로 적용됩니다.체크카드 캐시백은 해당 매출이 매입된 이후 3~4영업일 후 체크카드에 연결된 계좌로 입금처리됩니다.롯데국민행복체크카드 특화서비스 적용기준 및 유의사항1.신규 회원님의 경우 2개월(사용등록 월 포함)동안 지난달 롯데국민행복카드의 이용금액에 관계없이 1만 5천원의 월 한도가 적용 됩니다. 단, 2개월 동안에도 전월 이용금액(할인 받은 매출 및 어린이집 보육료 유치원학비 매출 등 제외)이 30만원 이상일 경우에는 해당 한도가 적용 됩니다. 통합할인한도는 특화서비스에만 적용 됩니다.2.교체/분실 등 카드 재발급 및 가족카드가 발급된 경우에도 롯데국민행복카드 본인카드 최초 발급 월 기준으로 실적유예 기간을 산정합니다.3.지난달 롯데국민행복카드 이용금액 산정 시,롯데국민행복카드로 할인 받은 이용건 및 어린이집/유치원 이용건, 정부지원금(보육료·유아학비, 임신출산진료비등) 이용건, 롯데국민행복카드가 아닌 다른 롯데카드 매출, 단기카드대출(현금서비스), 장기카드대출(카드론), 연회비, 이자, 각종 수수료 및 지방세, 고용보험, 산재보험 등은 제외되며,할부 이용 시에는 이용일 기준으로 총 금액이 이용금액 산정에 합산됩니다. ※ 어린이집, 유치원 매출(정부지원금, 본인부담금 포함)은 할인 여부와 관계없이 모두 실적 산정에서 제외됩니다.4.이용금액 산정 및 통합할인한도 적용은 롯데국민행복카드의 본인 및 가족카드합산 적용되며, 롯데국민행복카드는 신용카드와 체크카드가 분리되어 운영됩니다. 서비스의 할인기간은 매월 1일~말일 기준이며, 통합할인한도 내에서 서비스가 제공되며, 잔여 할인한도는 이월되지 않습니다.5.청구할인서비스는 해당가맹점으로부터 승인되는 순서에 의거하여 적용되며, 할인 적용 받은 거래의 매출 취소를 포함한 연속된 매출거래가 있을 경우, 취소 거래정보가 실시간으로 접수되지 않아 할인한도가 즉시 복원되지 않습니다. 또한 할인한도가 복원되지 않은 상태에서 매출거래가 있을 경우 할인 적용되지 않을 수 있으며, 한도 복원 후에도 이전 매출에 대해서는 소급하여 할인 적용되지 않습니다. 취소 거래일자와 취소 전표 매입일자는 가맹점 사정, 공휴일등 기타 사정으로 늦어질 수 있습니다. 동일한 가맹점에대해 롯데카드의 다른 청구할인 서비스와 중복으로 받으실 수 없으며, 중복 시 할인금액이 큰 서비스가 적용됩니다.6.롯데마트의 경우 건물 내 임대매장, 문화센터 등은 할인 대상에서 제외 될 수 있으며 대중교통(버스, 지하철)할인의 경우, 후불교통카드 서비스 제공 지역에 한하여 제공되고, 고속버스, 시외버스, 공항리무진 등은 제외됩니다. 또한 일부 택시의 경우에는 신용카드 결제가 되더라도, 가맹점 사정에 따라 할인되지 않을 수 있습니다.시내버스, 지하철 이용금액은 당사 매입된 이후 다음달 초에 확정된 최종금액에 대해서 다음달 할인한도 내에서 할인 서비스가 제공됩니다. 토이저러스 할인은 개별사업점포인 잠실점, 중계점, 평촌점, 롯데몰수지점,대구율하점, 은평점에 한하며, 나머지점포의 경우 롯데마트 할인서비스에 포함되어 적용됩니다.7.할인서비스 대상업종은 롯데카드 가맹점 업종코드에 등록된 기준으로 청구할인이 적용됩니다. 롯데카드 업종코드에 등록되지 않은 가맹점이 발생할 수 있으며, 이 경우 할인이 적용되지 않습니다.학원 업종 중 인터넷강의,방문교육, 적용 학원 및 인터넷 경로를 통한 결제는 할인 받으실 수 없습니다. 의료업종 중 기타의료기관, 비영리단체, 동물병원에서는 할인을 받으실 수 없습니다. 또한 별도 대행업체로 접수되는 온라인 및 모바일결제 건 등에 대해서는 할인을 받으실 수 없습니다. 알뜰폰사업자(MVNO) 자동이체는 이동통신할인에서 제외됩니다.8.해외이용액의 경우 롯데카드에 전표가 접수되는 일자를 기준으로 이용금액에 포함됩니다.9.체크카드의 경우 교통카드 기능은 탑재되어 있지 않거나, 국가바우처 서비스의  비접촉 결제 기능이 탑재 되어있어 타 비접촉 카드(교통카드,ID카드 등)와 동시에 단말기에 결제시 오류가 발생할 수 있습니다.10.체크카드 캐시백은 롯데카드에 해당 매출이 매입된 이후 3~4 영업일 후 체크카드에 연결된 계좌로 입금 됩니다.통합할인 한도 조건통합할인 한도는 지난달 롯데국민행복신용카드 이용금액의 5%입니다.할인 받은 이용 건 및 어린이집/유치원 이용 건, 정부지원금(보육료, 유아학비, 임신출산진료비 등)이용 건은 실적 산정에서 제외되며, 실적 산정에 포함된 이용금액이 30만원 이상일 경우 통합할인 한도가 생성됩니다( 30만원 미만 시 할인 한도 미생성)롯데 국민행복신용카드 최초 신규회원에게는 사용등록월 포함 2개월동안 1만5천원 할인 한도가 적용됩니다.지난달 이용실적(일시불)은 지난달 1일~말일(이용일 기준)까지 롯데국민행복신용카드 이용금액 기준으로 산정되며, 잔여할인 한도는 이월되지 않습니다<예시>지난달(1일~말일) 롯데국민행복신용카드 일시불 이용금액 중 할인 받은 이용 건 및 어린이집/유치원 이용 건, 정부지원금(보육료, 유아학비, 임신출산진료비 등)을 제외한 금액이 60만원일 경우 이번 달(1일~말일)에 할인받을수 있는 통합캐시백한도는 5%인 3만원임통합할인 한도는 특화서비스에 적용됩니다.
<공통서비스>[출산육아 특별서비스] /베페 전시회/보리보리/아이맘/파스퇴르몰: ※ 서비스 제공방법 및 세부사항은 제휴사 홈페이지 참고※ 타 쿠폰 및 할인 서비스와 중복적용 불가제휴사별 홈페이지/베페 (www.befe.co.kr) : /보리보리(www.boribori.co.kr) : /아이맘(www.i-mom.co.kr): /파스퇴르몰(http://www.pasteurmall.com) : [롯데그룹사 우대서비스] /혜택: 표의 칼럼은 구분, 혜택, 비고 로 이루어져 있습니다.표의 칼럼은 구분, 혜택, 비고 로 이루어져 있습니다.표의 1번째 행은 문화센터 정기강좌 10% 현장할인, 본인기준 1인 2강좌 로 이루어져 있습니다.표의 2번째 행은 직영점 롯데슈퍼 5만원 이상 결제 시 3% 청구할인, 월 1만원 한도 로 이루어져 있습니다.표의 3번째 행은 육아용품 카테고리 상품 10% 현장 할인, 월 3만원 할인한도 로 이루어져 있습니다.표의 4번째 행은 키즈메뉴 1천원 / 2개제공, (금/토) 3만원 이상 결제시 로 이루어져 있습니다.체크카드는 캐시백 형태로 할인 서비스 제공(롯데카드에 해당 매출이 매입된 이후 3~4영업일 후 체크카드에 연결된 계좌로 입금처리    ※ 기타 그룹사 할인혜택, 서비스 제공 방법 및 자세한 사항은 롯데카드 홈페이지(www.lottecard.co.kr) 및 그룹사 홈페이지 참고※ 타 쿠폰 및 할인 서비스와 중복적용 불가[롯데마트 우리아이M클럽 서비스] /롯데마트 우리아이M클럽 이란?: 롯데마트 회원전용앱인 M쿠폰 앱에서 운영중인 육아 관련 쿠폰 및 육아 정보 등을 제공하는 맞춤형 M클럽 서비스/카드 혜택: 롯데마트에서 M쿠폰 앱 바코드 스캔 시 우리아이M클럽상품 5~30% 현장할인롯데카드 결제시 롯데상품권 증정 (우리아이M클럽 할인 품목 5만원 이상 구매시,1인 1일 1회 한정)/쿠폰북 혜택: 재휴사 우대 및 할인 쿠폰 제공우리아이M클럽 혜택은 M쿠폰 앱을 통해 쿠폰이 제공되며, 자녀가 있으신 고객이라면 누구나 M쿠폰 앱에서 가입할 수 있습니다.우리아이M클럽 서비스 관련 상세한 사항은 M쿠폰 앱에서 확인 가능합니다.
<혜택더하기>[쇼핑] 롯데백화점 5% 현장할인 e-쿠폰, 무료주차권 제공쿠폰 발행월 직전 6개월간 롯데백화점에서 30만원 이상 카드(일시불, 할부) 이용회원에 한하여 매월 1일 2매 제공무료주차권은 롯데카드 앱에서 제공롯데면세점 5~10%현장할인롯데ON 5% 현장할인(카드결제 시), 3개월 무이자 할부(일부품목 제외)롯데마트 · 롯데슈퍼 · 토이저러스 2~3개월 무이자 할부[여가/문화] 롯데월드 본인 종합이용권 50% 현장할인(월 1회, 연 6회)서울랜드 본인 자유이용권 30% 현장할인롯데시네마 영화 관람료 1,500원  청구할인(일 1회, 월 5회, 연 12회)※ 롯데월드 및 롯데시네마는 지난달(1일 ~ 말일) 일시불 및 할부 이용실적 20만원 이상 시 할인 혜택[외식/뷰티] T.G.I.FRiDAYS 10% 현장할인(주류제외)지난 달(1일 ~ 말일) 일시불 및 할부 이용실적 20만원 이상 시 혜택통신사카드 및 다른 할인권과 중복 이용 불가일 1회, 이용금액기준 20만원까지 할인혜택미스터피자 15% 현장 할인지난 달(1일 ~ 말일) 일시불 및 할부 이용실적이 20만원 이상 시 혜택제공월 3회, 연 12회, 일 결제금액 20만원까지 할인세트메뉴/할인쿠폰/통신사 및 타 카드할인 중복 불가리조트, 야구장 등 입점매장 제외(세부 매장은 홈페이지 참조)롯데리아·나뚜루·엔제리너스 1,000원당 50원 현장할인개인정보 마케팅 활용 및 롯데멤버스㈜ 고객정보 제공에 동의한 회원에 한해 제공보네스빼ㆍ보네스뻬브래드10% 현장할인박준뷰티랩 20% 현장할인박승철 헤어스투디오 15% 현장할인(프리미엄매장제외)※ 뷰티 서비스는 커트, 클리닉, 드라이, 판매제품 할인 제외[포인트] /L.POINT: L.POINT는 L.POINT 제휴사에서 적립해주는 포인트로 적립 및 사용에 관한 자세한 사항은 L.POINT 홈페이지(www.lpoint.com) 를 참고하시기 바랍니다. 롯데멤버스㈜ 고객정보에 동의하신 회원에 대해 L.POINT 적립 및 사용이 가능합니다.롯데카드 제공 L.POINT 및 SK주유포인트는 제공되지 않습니다.L.POINT 자세히 보기
",2024-03-17 15:24:06.906993,DebitCard
5,LIKIT all 체크카드,https://once-s3.s3.ap-northeast-2.amazonaws.com/lottecard/C12667-A12667.png,"<기본 혜택>[국내(온·오프라인) 가맹점 0.2% 캐시백] 실적조건, 한도제한 없이 0.2% 혜택이 적용됩니다./LIKIT all 체크카드 혜택 안내: 캐시백 제외 대상: 국세·지방세, 공과금, 건강보험, 국민연금, 고용보험, 산재보험, 장애인 고용부담금, 오토·스마트 캐시백 신청 매출, 기프트·선불카드 충전 및 구매, 상품권 구매, 포인트 충전, 아파트관리비, 대학등록금, 이자 및 각종수수료기본 혜택은 한도 제한 없이 혜택을 제공합니다.[서비스 제공 기준] /캐시백 이용기준: 승인시점 기준으로 혜택이 적용됩니다.캐시백은 결제 건이 롯데카드에 접수(약 2~3일 소요)된 후 결제 건별 캐시백 금액이 결제계좌로 입금됩니다.결제 건을 취소하시는 경우 취소 건이 롯데카드에 접수된 후 환불됩니다. 캐시백이 적용된 결제 건을 취소하는 경우 캐시백 금액을 제외한 이용금액이 환불됩니다.결제 취소 건 접수 여부는 롯데카드 홈페이지(www.lottecard.co.kr)에서 회원가입 후 MY ▶ 카드이용내역 ▶ 정상·취소구분 ▶ 취소 선택 후 조회 시 확인할 수 있습니다.롯데카드에 등록된 가맹점 및 업종을 기준으로 혜택이 제공됩니다.롯데카드의 다른 캐시백 혜택과 중복 적용되지 않으며, 금액이 큰 혜택으로 적용됩니다.
<추가 혜택>[주말 및 공휴일 0.2% 추가 캐시백] 추가 혜택은 지난달 1일~말일까지 LIKIT all 체크카드 30만원(캐시백 혜택이 적용된 이용금액 포함) 이상 이용 시 제공됩니다.주말 및 공휴일에 국내(온·오프라인) 가맹점 0.2% 추가 혜택이 적용됩니다./LIKIT all 체크카드 혜택 안내: 캐시백 제외 대상: 국세·지방세, 공과금, 건강보험, 국민연금, 고용보험, 산재보험, 장애인고용부담금, 오토·스마트 캐시백 신청 매출, 기프트·선불카드 충전 및 구매, 상품권 구매, 포인트 충전, 아파트관리비, 대학등록금, 이자 및 각종 수수료추가 혜택은 한도 제한 없이 혜택을 제공합니다.[서비스 제공 기준] /실적기준: LIKIT all 체크카드를 최초 발급하신 경우, 카드사용등록일~다음달 말일까지 지난달 이용실적에 관계없이 추가 혜택(주말 및 공휴일 0.2% 추가 캐시백)이 제공됩니다.본인 및 가족카드의 이용실적(1일~말일)은 합산되어 제공됩니다.지난달 이용실적 산정 시 제외되는 이용금액:  LIKIT all 체크카드가 아닌 롯데카드 이용금액, 국세·지방세, 공과금, 건강보험, 국민연금, 고용보험, 산재보험, 장애인 고용부담금, 기프트·선불카드 충전 및 구매, 상품권 구매, 포인트 충전, 아파트관리비, 대학등록금, 이자 및 각종 수수료/캐시백 이용기준: 승인시점 기준으로 혜택이 적용됩니다.캐시백은 결제 건이 롯데카드에 접수(약 2~3일 소요)된 후 결제 건별 캐시백 금액이 결제계좌로 입금됩니다.결제 건을 취소하시는 경우 취소 건이 롯데카드에 접수된 후 환불됩니다. 캐시백이 적용된 결제 건을 취소하는 경우 캐시백 금액을 제외한 이용금액이 환불됩니다.결제 취소 건 접수 여부는 롯데카드 홈페이지(www.lottecard.co.kr)에서 회원가입 후 MY ▶ 카드이용내역 ▶ 정상·취소구분 ▶ 취소 선택 후 조회 시 확인할 수 있습니다.지난달 이용금액 중 실적에 포함된 매출을 취소하는 경우 지난달 이용실적이 변경될 수 있습니다.롯데카드에 등록된 가맹점 및 업종을 기준으로 혜택이 제공됩니다.롯데카드의 다른 캐시백 혜택과 중복 적용되지 않으며, 금액이 큰 혜택으로 적용됩니다.
<체크카드 안내>[체크카드 안내] /발급대상: 만 12세 이상의 제휴은행 계좌 보유 고객만 12세~17세인 경우 법적 대리인 동의가 필요하며, 카드 발급은 롯데카드센터에서만 가능합니다./제휴은행: 신한, 우리, 국민, 농협, KEB하나, 기업, SC제일, 수협, 부산, 대구, 경남, 광주, 전북/이용안내: 일 600만원, 월 2,000만원 이용한도 부여(만 12세~13세 회원은 일 3만원, 월 30만원 이용한도 부여)본인의 직계가족 3인까지 가족카드 발급 가능이용제한 가맹점: 철도 승차권 예약 등 일부 가맹점/ATM 현금인출: 은행 현금카드와 동일하게 은행 ATM에서 현금인출 가능현금인출 가능 은행: 신한, 우리※ 자세한 내용은 롯데카드 홈페이지(www.lottecard.co.kr) ▶ 카드 ▶ 카드별 이용안내 ▶ 체크카드 이용안내를 참고해주시기 바랍니다.
",2024-03-17 15:24:07.278351,DebitCard
5,세븐일레븐 멤버십롯데체크카드,https://image.lottecard.co.kr/UploadFiles/ecenterPath/cdInfo/ecenterCdInfoC00075-A00075_nm1.jpg,"<적립>[세븐일레븐에서 결제 시 1,000원당7포인트 적립] 세븐일레븐 전 매장에서 결제 시 1,000원당 L.POINT 7포인트 적립기타사항현금으로 결제 하시면 1,000원당 5포인트 적립됩니다.적립된 포인트는 롯데 멤버스 제휴사에서 현금처럼 이용이 가능합니다.담배, 주류 등 일부 품목은 제외됩니다.
",2024-03-17 15:24:34.572266,DebitCard
5,쉐보레오토 체크카드,https://image.lottecard.co.kr/UploadFiles/ecenterPath/cdInfo/ecenterCdInfoC00521-A00521_nm1.jpg,"<적립>[쉐보레 오토포인트 3%적립] /혜택: 카드 이용금액의 3%를 쉐보레 오토포인트로 적립/적립기준: 적립한도 : 카드 발급월기준 연 40만포인트, 5년 2백만포인트최초적립일 기준 5년 유효기한단기카드대출(현금서비스), 장기카드대출(카드론) 이용제외, 천원미만금액 절사SK주유소, 지방세 납입금 이용금액 적립제외L.POINT 적립 및 전환불가(롯데멤버스 제휴사 포인트 적립가능)SK주유포인트 전환불가/이용방법 및 기준: 한국지엠주식회사지정 AS센터에서 차량정비시 일3만, 연10만 오토포인트 사용가능차량정비시 본인명의 쉐보레차량(타사차량 정비불가)에 한해 본인포인트 사용차량구매시 한국지엠주식회사 지정영업소에서 최대 200만 오토포인트 사용가능(1천포인트 이상부터 사용가능)쉐보레 홈페이지 바로가기
<면제>[연회비 면제 및 SMS 무료 서비스] 평생 연회비가 면제되며, 카드 이용 안내 정보를 등록한 휴대폰으로 실시간 전송해 드리는 SMS 서비스는 무료 입니다.
<혜택더하기>[건강/미용] /미용실 최대 20% 할인: 박준뷰티랩혜택 : 20% 할인대상매장 : 박준 뷰티랩 전 매장매장에서 판매하는 제품류 및 커트, 클리닉, 드라이는 제외되며, 다른 혜택과 중복사용이 불가능합니다.박승철 헤어스투디오혜택 : 15% 할인대상매장 : 박승철 헤어스투디오프리미엄 박승철 매장은 할인에서 제외됩니다.커트, 클리닉 서비스 및 제품 구입은 제외되며, 다른 혜택과 중복사용이 불가능합니다.상기 서비스는 내부 사정에 의하여 변경되거나 취소될 수 있습니다.상기 서비스는 현장할인 서비스입니다.다른 할인서비스와 중복할인 받을 수 없습니다.[놀이공원] /경주월드, 대전오월드 자유이용권 50% 할인: 회원본인 자유이용권 50% 할인체크/법인카드는 제외됩니다./광주 패밀리랜드 자유이용권 50% 할인: 회원 본인 자유이용권 50% 할인실적 및 횟수 제한 없이 이용 가능합니다./서울랜드 자유이용권 40% 할인: 회원 본인 자유이용권 40% 할인실적 및 횟수 제한 없이 이용 가능합니다.제공기간 : 2017.1.1 ~ 2017.12.31/유의사항: 해당서비스는 전월(1일~말일) 이용실적이 20만원 이상인 회원에 한해 제공됩니다.(장기카드대출(카드론)/단기카드대출(현금서비스) 이용액 제외)신규회원의 경우 카드 사용등록월 포함 3개월 동안은 실적 제한없이 이용하실 수 있습니다.월 1회, 연 6회 (가족/복수카드 합산, 놀이공원 서비스 합산)까지 이용 가능합니다.당일 본인 및 가족카드 동시 이용 불가합니다.서울랜드, 광주 패밀리랜드는 실적 및 횟수 제한 없이 이용 가능합니다.상기 서비스는 내부 사정에 의하여 변경되거나 취소될 수 있습니다.[레저/스포츠] /롯데 자이언츠 20% 할인: 대상롯데카드 소지 회원 (구 롯데백화점 카드 제외)혜택일 1회(동반 1인 포함)에 한해 롯데카드 온라인 구매 또는 현장구매 시 할인단, 포스트시즌 경기에는 입장료 할인 서비스가 적용되지 않습니다.[쇼핑] /롯데백화점 5% 할인 e-쿠폰 및 무료 주차권 제공: 롯데백화점 5%할인 e-쿠폰쿠폰 발행월 직전 6개월 간 롯데백화점에서 30만원 이상 카드 이용 회원님께 5%할인 e-쿠폰을 매월 1일, 2매씩 드립니다.백화점에서 현금으로 이용한 금액(즉시 입금 제외)및 임대매장에서 이용한 카드금액은 이용실적 기준에서 제외됩니다.신규, 추가, 교체 카드 발급 시 실적 상관없이 2매씩 3번 발생됩니다.(e-쿠폰 안내 참조)(신속(즉시)발급 및 재발급은 쿠폰 생성 안됨)세일상품, 식품, 식당가, 가전, 임대매장 및 명품매장 등에서는 5%할인 e-쿠폰이 적용되지 않습니다.E-쿠폰 발행 및 사용내역조회무이자 할부5만원 이상 구매시 2~3개월 무이자 할부가 가능합니다.(체크카드, 일부 임대매장 제외)/롯데ON 5% 할인 및 무이자 할부 혜택: 롯데백화점 상품 5%할인(월 3회)/일반 상품 5%할인일부 상품에 한해 서비스 제공됩니다.3개월 무이자 할부(체크카드 제외, 일부 품목 최대 12개월 무이자 할부)기획 상품 등 일부 상품은 상기 서비스 대상에서 제외됩니다./롯데마트, 롯데슈퍼 2~3개월 무이자 할부 (체크카드 제외): 롯데마트, 롯데슈퍼 5만원 이상 구매 시 2~3개월 무이자 할부 혜택 제공세븐일레븐 멤버십 체크카드는 무이자 할부 혜택이 없습니다.대상 매장 보기/토이저러스 2~3개월 무이자할부 혜택 (체크카드 제외): 혜택토이저러스(Toysrus)에서 5만원 이상 2~3개월 무이자 할부 혜택 제공매장전 매장(1호점 : 롯데마트 구로점 내)/소액무서명 결제 서비스: 대상 가맹점롯데백화점, 롯데마트, 롯데슈퍼, 세븐일레븐, 롯데리아, 크리스피크림도넛, 롯데면세점, 토이저러스, 롯데호텔, 롯데월드내용대상 가맹점에서 3만원 이하 금액은 서명 없이 결제(롯데백화점, 롯데마트, 롯데호텔, 롯데월드는 5만원 이하건에 적용)[여행] /여행서비스: 해외항공권 : 1~7%할인 [일부항공사  제외]해외여행상품[패키지/허니문] : 3~7%할인해외호텔 : 5~7% 할인문의·예약롯데카드 여행서비스 1577-8400 (www.lottecard.co.kr/travel)롯데카드 여행서비스를 통한 예약에 한해 할인이 적용됩니다.할인율은 상품종류 또는 서비스시점에 따라 변경될 수 있습니다.자세한 내용은 전화문의 또는 홈페이지를 확인해 주시기 바랍니다.[외식] /보네스뻬/보네스뻬브레드 10% 할인: 혜택롯데카드 결제 시 10% 할인대상매장보네스뻬/보네스뻬브레드 10% 할인 대상매장보네스뻬롯데백화점 본점, 청량리점, 노원점, 건대스타시티점, 일산점, 부산동래점, 광복점, 대구상인점, 대구역사점, 울산점, 전주점보네스뻬브레드천호점, 대구이시아폴리스점, 부산부곡점, 서초우면점, 원당점, 수지성복점/T.G.I.F 상시 10% 할인: 혜택상시 10% 할인(주류 제외)대상매장T.G.I.F 상시 10% 할인 대상매장서울잠실점, 잠실캐슬점, 건대스타시티점, 디큐브시티점, 김포공항점, 메세나폴리스점, 노원점, 청량리역점, 아이파크몰점경기분당점, 롯데마트 수지점, 롯데구리점, 수원롯데몰점, 롯데마트 영통점, 롯데일산점, 롯데평촌점대전대전둔산점, 롯데대전점광주광주터미널점전라도전주점충청도청주지웰시티점부산해운대점, 서면점, 롯데광복점, 롯데동래점경상도롯데창원점, 김해아울렛점, 대구범어점, 대구 아시아폴리스, 울산업스퀘어유의사항주류는 할인혜택에서 제외됩니다.통신사카드 및 할인권과 중복 이용 불가합니다.본 서비스는 사정 상 변경 될 수 있습니다.스카이패스 아멕스 골드, 스카이패스 아멕스카드는 TGIF할인 혜택이 없습니다.신규 회원의 경우 카드 사용등록월 포함 3개월은 이용실적 제한 없이 할인 가능합니다.기본/가족회원 및 복수카드 소지하신 회원의 경우, 이용금액 및 이용횟수는 모두 합산 적용됩니다.일 1회, 결제금액 기준 20만원(할인한도 2만원)까지 할인 적용됩니다.해당서비스는 전월(1일~말일) 이용실적이 20만원 이상인 회원에 한해 제공됩니다.(장기카드대출(카드론)/단기카드대출(현금서비스) 이용액 제외)[자동차] /SK주유소 리터당 SK주유포인트 50원적립: 혜택리터당 50원 적립(휘발유, 등유, 경유는 휘발유 기준유가로 환산하여 적립)적립한도일 30만원, 월 100만원까지 적립이용방법SK주유소에서 주유 시 현금처럼 사용최초 1만 포인트 도달 시 1포인트 단위로 사용유효기간 5년 SK주유소 상세정보 조회단, 롯데 샤롯데 플래티늄, 맘&데디, S-OiL보너스, SK, 스카이패스아멕스 골드, 스카이패스 아멕스, 스카이패스 루브르 명작, SKYPASS, 대우증권, SK스마트, 아시아나클럽, 아시아나클럽 롯데플래티늄카드, 롯데 엔크린카드, SKYPASS, 롯데골드아멕스카드, 아시아나클럽 롯데골드아멕스카드, 모두투어 마일리지 롯데카드는 SK주유포인트 미적립전 가맹점 무이자 할부 이용 시 SK주유포인트 적립되지 않습니다.DC스마트카드의 경우 2010년 8월 31일까지 상기 서비스가 제공됩니다.최근 3개월간(서비스 이용일 2일 전부터 92일간) 롯데카드로 매출이 접수된 이용실적 합계가 월 평균 30만원 이상(장기카드대출(카드론) 제외)인 회원에 한해 적용되며, 신규회원님의 경우 발급 후 3개월(발급월 포함 3개월 차 말일까지)동안만 실적 제한이 없습니다.기본/가족회원 및 복수카드를 소지하는 경우, 카드 이용금액 및 이용횟수가 모두 합산되어 적용됩니다.고시가격조회 및 계산하기
",2024-03-17 15:24:34.929568,DebitCard
5,SK롯데 체크카드,https://image.lottecard.co.kr/UploadFiles/ecenterPath/cdInfo/ecenterCdInfoC01728-A01728_nm1.jpg,"<할인>[SK 주유소 리터당 40원 할인] /혜택: 전월 청구서상 카드 이용금액 20만원 이상 시 SK주유소에서 리터당 40원 할인전월 청구서상 이용금액에 주유업종 이용금액 및 단기카드대출(현금서비스), 장기카드대출(카드론)은 제외됨1일 2회 한도 / 주유금액 기준 일 15만원, 월 30만원 한도SK엔크린이 지정 고시하는 휘발유가 기준휘발유, 경유, 등유 주유 시만 할인주유할인서비스는 당사와 AIA생명과 SK에너지가 비용 분담하여 제공되고 있습니다. 서비스 제공을 위해 회원님의 정보가 AIA생명과 SK에너지에 제공됩니다.[롯데 시네마 1,500원 할인] /혜택: 최근 3개월 카드 이용실적이 30만원(장기카드대출(카드론) 제외)이상인 회원 대상 롯데시네마 1,500원 할인이용일 전전일~92일간의 카드이용실적 기준(전표매입기준)1일 1회, 월 5회, 연 12회 한도현장구매 및 시네마 홈페이지 예매에 한하여 제공
<면제>[연회비 면제 및 SMS 무료 서비스] 평생 연회비가 면제되며, 카드 이용 안내 정보를 등록한 휴대폰으로 실시간 전송해 드리는 SMS 서비스는 무료 입니다.
<혜택더하기>[건강/미용] /미용실 최대 20% 할인: 박준뷰티랩혜택 : 20% 할인대상매장 : 박준 뷰티랩 전 매장매장에서 판매하는 제품류 및 커트, 클리닉, 드라이는 제외되며, 다른 혜택과 중복사용이 불가능합니다.박승철 헤어스투디오혜택 : 15% 할인대상매장 : 박승철 헤어스투디오프리미엄 박승철 매장은 할인에서 제외됩니다.커트, 클리닉 서비스 및 제품 구입은 제외되며, 다른 혜택과 중복사용이 불가능합니다.상기 서비스는 내부 사정에 의하여 변경되거나 취소될 수 있습니다.상기 서비스는 현장할인 서비스입니다.다른 할인서비스와 중복할인 받을 수 없습니다.[레저/스포츠] /롯데 자이언츠 20% 할인: 대상롯데카드 소지 회원 (구 롯데백화점 카드 제외)혜택일 1회(동반 1인 포함)에 한해 롯데카드 온라인 구매 또는 현장구매 시 할인단, 포스트시즌 경기에는 입장료 할인 서비스가 적용되지 않습니다.[쇼핑] /롯데백화점 5% 할인 e-쿠폰 및 무료 주차권 제공: 롯데백화점 5%할인 e-쿠폰쿠폰 발행월 직전 6개월 간 롯데백화점에서 30만원 이상 카드 이용 회원님께 5%할인 e-쿠폰을 매월 1일, 2매씩 드립니다.백화점에서 현금으로 이용한 금액(즉시 입금 제외)및 임대매장에서 이용한 카드금액은 이용실적 기준에서 제외됩니다.신규, 추가, 교체 카드 발급 시 실적 상관없이 2매씩 3번 발생됩니다.(e-쿠폰 안내 참조)(신속(즉시)발급 및 재발급은 쿠폰 생성 안됨)세일상품, 식품, 식당가, 가전, 임대매장 및 명품매장 등에서는 5%할인 e-쿠폰이 적용되지 않습니다.E-쿠폰 발행 및 사용내역조회무이자 할부5만원 이상 구매시 2~3개월 무이자 할부가 가능합니다.(체크카드, 일부 임대매장 제외)/롯데ON 5% 할인 및 무이자 할부 혜택: 롯데백화점 상품 5%할인(월 3회)/일반 상품 5%할인일부 상품에 한해 서비스 제공됩니다.3개월 무이자 할부(체크카드 제외, 일부 품목 최대 12개월 무이자 할부)기획 상품 등 일부 상품은 상기 서비스 대상에서 제외됩니다./롯데마트, 롯데슈퍼 2~3개월 무이자 할부 (체크카드 제외): 롯데마트, 롯데슈퍼 5만원 이상 구매 시 2~3개월 무이자 할부 혜택 제공세븐일레븐 멤버십 체크카드는 무이자 할부 혜택이 없습니다.대상 매장 보기/토이저러스 2~3개월 무이자할부 혜택 (체크카드 제외): 혜택토이저러스(Toysrus)에서 5만원 이상 2~3개월 무이자 할부 혜택 제공매장전 매장(1호점 : 롯데마트 구로점 내)/소액무서명 결제 서비스: 대상 가맹점롯데백화점, 롯데마트, 롯데슈퍼, 세븐일레븐, 롯데리아, 크리스피크림도넛, 롯데면세점, 토이저러스, 롯데호텔, 롯데월드내용대상 가맹점에서 3만원 이하 금액은 서명 없이 결제(롯데백화점, 롯데마트, 롯데호텔, 롯데월드는 5만원 이하건에 적용)[포인트] /L.POINT 적립: 국내 및 해외 가맹점에서 1,000원당 0.2% 적립교통요금/마이비 유통가맹점 사용시 0.1% L.POINT 적립롯데멤버스㈜ 고객정보 제공에 동의하신 회원님에 한하여 L.POINT 적립 및 사용이 가능합니다.L.POINT 자세히 보기[놀이공원] /롯데월드 종합이용권 50% 할인: 회원본인 주/야간 종합이용권 50% 할인포인트플러스체크, I♥Busan 체크카드, SK롯데 체크카드는 롯데월드 혜택이 없습니다./경주월드, 대전오월드 자유이용권 50% 할인: 회원본인 자유이용권 50% 할인체크/법인카드는 제외됩니다./광주 패밀리랜드 자유이용권 50% 할인: 회원 본인 자유이용권 50% 할인실적 및 횟수 제한 없이 이용 가능합니다./서울랜드 자유이용권 40% 할인: 회원 본인 자유이용권 40% 할인실적 및 횟수 제한 없이 이용 가능합니다.제공기간 : 2017.1.1 ~ 2017.12.31/유의사항: 해당서비스는 전월(1일~말일) 이용실적이 20만원 이상인 회원에 한해 제공됩니다.(장기카드대출(카드론)/단기카드대출(현금서비스) 이용액 제외)월 1회, 연 6회에 한하여 가족/복수카드 합산 횟수제한 적용됩니다.신규회원의 경우 발급월 포함 3개월 동안만 실적 제한이 없습니다.(예:9월 신규발급회원의 경우 11월 말일까지는 실적제한이 없음)상기 서비스는 내부 사정에 의하여 변경되거나 취소될 수 있습니다.[영화/공연] /롯데시네마 관람료 1,500원 청구할인: 혜택영화관람료 1,500원 청구할인대상영화관롯데시네마 전 상영관매장안내 : www.lottecinema.co.kr해당서비스는 전월(1일~말일) 이용실적이 20만원 이상인 회원에 한해 제공됩니다.(장기카드대출(카드론)/단기카드대출(현금서비스) 이용액 제외)1일 1회, 월 5회, 연 12회에 한하며 가족-복수카드 합산 횟수 제한 적용됩니다.현장 구매에 한해 할인 적용되며, 할인액은 청구서에서 확인 가능합니다.(홈페이지 예매는 롯데시네마 홈페이지 예매 시만 할인적용)사정상 서비스 내용이 변경 또는 취소될 수 있습니다.롯데카드 최초 신규 입회 회원의 경우 카드 사용등록월 포함 3개월까지는 카드사용 실적이 없더라도 이용 가능합니다.상기 서비스는 내부 사정에 의하여 변경되거나 취소될 수 있습니다.[외식] /보네스뻬/보네스뻬브레드 10% 할인: 혜택롯데카드 결제 시 10% 할인대상매장보네스뻬/보네스뻬브레드 10% 할인 대상매장보네스뻬롯데백화점 본점, 청량리점, 노원점, 건대스타시티점, 일산점, 부산동래점, 광복점, 대구상인점, 대구역사점, 울산점, 전주점보네스뻬브레드천호점, 대구이시아폴리스점, 부산부곡점, 서초우면점, 원당점, 수지성복점/T.G.I.F 상시 10% 할인: 혜택상시 10% 할인(주류 제외)대상매장T.G.I.F 상시 10% 할인 대상매장서울잠실점, 잠실캐슬점, 건대스타시티점, 디큐브시티점, 김포공항점, 메세나폴리스점, 노원점, 청량리역점, 아이파크몰점경기분당점, 롯데마트 수지점, 롯데구리점, 수원롯데몰점, 롯데마트 영통점, 롯데일산점, 롯데평촌점대전대전둔산점, 롯데대전점광주광주터미널점전라도전주점충청도청주지웰시티점부산해운대점, 서면점, 롯데광복점, 롯데동래점경상도롯데창원점, 김해아울렛점, 대구범어점, 대구 아시아폴리스, 울산업스퀘어유의사항주류는 할인혜택에서 제외됩니다.통신사카드 및 할인권과 중복 이용 불가합니다.본 서비스는 사정 상 변경 될 수 있습니다.스카이패스 아멕스 골드, 스카이패스 아멕스카드는 TGIF할인 혜택이 없습니다.신규 회원의 경우 카드 사용등록월 포함 3개월은 이용실적 제한 없이 할인 가능합니다.기본/가족회원 및 복수카드 소지하신 회원의 경우, 이용금액 및 이용횟수는 모두 합산 적용됩니다.일 1회, 결제금액 기준 20만원(할인한도 2만원)까지 할인 적용됩니다.해당서비스는 전월(1일~말일) 이용실적이 20만원 이상인 회원에 한해 제공됩니다.(장기카드대출(카드론)/단기카드대출(현금서비스) 이용액 제외)/롯데리아, 엔제리너스커피, 나뚜루 할인: 혜택롯데카드로 결제 시 1,000원당 50원 현장할인대상매장롯데리아, 엔제리너스커피, 나뚜루 전 매장상기 서비스는 내부 사정에 의하여 변경되거나 취소될 수 있습니다.[여행] /여행서비스: 해외항공권 : 1~7%할인 [일부항공사  제외]해외여행상품[패키지/허니문] : 3~7%할인해외호텔 : 5~7% 할인문의·예약롯데카드 여행서비스 1577-8400 (www.lottecard.co.kr/travel)롯데카드 여행서비스를 통한 예약에 한해 할인이 적용됩니다.할인율은 상품종류 또는 서비스시점에 따라 변경될 수 있습니다.자세한 내용은 전화문의 또는 홈페이지를 확인해 주시기 바랍니다.
",2024-03-17 15:24:35.291252,DebitCard
5,해병대 전우 롯데 포인트플러스 체크카드,https://image.lottecard.co.kr/UploadFiles/ecenterPath/cdInfo/ecenterCdInfoC00284-B03352_nm1.gif,"<적립>[더블 포인트 적립 서비스] /혜택: 모든 L.POINT 제휴사에서 포인트플러스 카드로 결제 시 제휴사 현장에서 적립받은 L.POINT (L.POINT 카드 기본 적립포인트)를 한 번 더 적립!/L.POINT 제휴사 안내: L.POINT 제휴사에 관한 자세한 내용은 L.POINT 홈페이지 (www.lpoint.com)에서 확인하실 수 있습니다.각 제휴사별 현장 적립포인트는 L.POINT 카드 적립률로 운영되며, 제휴사별 적립 기준에 의해 적립됩니다.각 제휴사별 현장 적립률 및 세부적립 기준은 L.POINT 서비스홈페이지 (www.lpoint.com) 에서 확인하실 수 있습니다.이 더블 적립서비스는 포인트플러스 카드로 결제하시면서 현장 적립 받으신 포인트만큼 한 번 더 적립해드리는 서비스로, 다른 결제수단으로 결제하신 후 포인트플러스 카드로 현장 적립만 받으신 경우나 행사 등으로 제휴사에서 제공된 포인트에 대해서는 제공되지 않습니다.L.POINT 신규 제휴사가 추가 되는 경우에도 서비스가 제공됩니다.무이자 할부 이용 시 더블 포인트 적립서비스는 제공되지 않습니다.제휴사의 사정, 행사 등으로 인해 현장 적립이 제공되지 않은 매출에 대해서는 제공되지 않습니다.임대매장, 매장 내 위치한 가맹점 등과 같이 L.POINT 제휴사 외 가맹점 번호를 사용하는 곳 에서는 더블 적립이 제공되지 않습니다.롯데카드에서 제공하는 L.POINT는 카드결제 승인이 카드사에 접수된 이후, 영업일 기준 3일 이내에 적립됩니다.포인트로 결제한 금액에 대해서는 포인트 적립이 되지 않습니다.회원탈회, 카드도난, 분실 등의 사유로 카드사용이 정지된 경우에는 포인트 사용이 제한됩니다.매출 취소 시 취소 매출에 해당하는 포인트는 차감됩니다.위 L.POINT 제휴사에 포인트 적립을 위해 고객정보가 제공될 수 있으며, 신청서상 선택적 동의에 동의하신 경우 마케팅 활용 목적으로고객정보가 사용될 수 있습니다.롯데멤버스(주) 고객정보 제공에 동의하신 회원에 한하여 L.POINT 적립 및 사용이 가능합니다./이용방법: L.POINT 제휴사에서 잔여 1포인트 이상 시 1포인트 단위로 사용 가능 (단, 롯데백화점은 10포인트 단위로 사용)온라인 제휴사 이용 시 1포인트 단위로 사용 가능1포인트 = 1원연회비 납부 대체 가능/ 포인트 기부 가능포인트 가족합산 신청 시 가족 구성원 별로 본인카드로 적립한 포인트를 합산하여 이용 가능
<면제>[연회비 면제 및 SMS 무료 서비스] 평생 연회비가 면제되며, 카드 이용 안내 정보를 등록한 휴대폰으로 실시간 전송해 드리는 SMS 서비스는 무료 입니다.
<혜택더하기>[건강/미용] /미용실 최대 20% 할인: 박준뷰티랩혜택 : 20% 할인대상매장 : 박준 뷰티랩 전 매장매장에서 판매하는 제품류 및 커트, 클리닉, 드라이는 제외되며, 다른 혜택과 중복사용이 불가능합니다.박승철 헤어스투디오혜택 : 15% 할인대상매장 : 박승철 헤어스투디오프리미엄 박승철 매장은 할인에서 제외됩니다.커트, 클리닉 서비스 및 제품 구입은 제외되며, 다른 혜택과 중복사용이 불가능합니다.상기 서비스는 내부 사정에 의하여 변경되거나 취소될 수 있습니다.상기 서비스는 현장할인 서비스입니다.다른 할인서비스와 중복할인 받을 수 없습니다.[쇼핑] /롯데백화점 5% 할인 e-쿠폰 및 무료 주차권 제공: 롯데백화점 5%할인 e-쿠폰쿠폰 발행월 직전 6개월 간 롯데백화점에서 30만원 이상 카드 이용 회원님께 5%할인 e-쿠폰을 매월 1일, 2매씩 드립니다.백화점에서 현금으로 이용한 금액(즉시 입금 제외)및 임대매장에서 이용한 카드금액은 이용실적 기준에서 제외됩니다.신규, 추가, 교체 카드 발급 시 실적 상관없이 2매씩 3번 발생됩니다.(e-쿠폰 안내 참조)(신속(즉시)발급 및 재발급은 쿠폰 생성 안됨)세일상품, 식품, 식당가, 가전, 임대매장 및 명품매장 등에서는 5%할인 e-쿠폰이 적용되지 않습니다.E-쿠폰 발행 및 사용내역조회무이자 할부5만원 이상 구매시 2~3개월 무이자 할부가 가능합니다.(체크카드, 일부 임대매장 제외)/롯데ON 5% 할인 및 무이자 할부 혜택: 롯데백화점 상품 5%할인(월 3회)/일반 상품 5%할인일부 상품에 한해 서비스 제공됩니다.3개월 무이자 할부(체크카드 제외, 일부 품목 최대 12개월 무이자 할부)기획 상품 등 일부 상품은 상기 서비스 대상에서 제외됩니다./롯데마트, 롯데슈퍼 2~3개월 무이자 할부 (체크카드 제외): 롯데마트, 롯데슈퍼 5만원 이상 구매 시 2~3개월 무이자 할부 혜택 제공세븐일레븐 멤버십 체크카드는 무이자 할부 혜택이 없습니다.대상 매장 보기/토이저러스 2~3개월 무이자할부 혜택 (체크카드 제외): 혜택토이저러스(Toysrus)에서 5만원 이상 2~3개월 무이자 할부 혜택 제공매장전 매장(1호점 : 롯데마트 구로점 내)/소액무서명 결제 서비스: 대상 가맹점롯데백화점, 롯데마트, 롯데슈퍼, 세븐일레븐, 롯데리아, 크리스피크림도넛, 롯데면세점, 토이저러스, 롯데호텔, 롯데월드내용대상 가맹점에서 3만원 이하 금액은 서명 없이 결제(롯데백화점, 롯데마트, 롯데호텔, 롯데월드는 5만원 이하건에 적용)[외식] /보네스뻬/보네스뻬브레드 10% 할인: 혜택롯데카드 결제 시 10% 할인대상매장보네스뻬/보네스뻬브레드 10% 할인 대상매장보네스뻬롯데백화점 본점, 청량리점, 노원점, 건대스타시티점, 일산점, 부산동래점, 광복점, 대구상인점, 대구역사점, 울산점, 전주점보네스뻬브레드천호점, 대구이시아폴리스점, 부산부곡점, 서초우면점, 원당점, 수지성복점/T.G.I.F 상시 10% 할인: 혜택상시 10% 할인(주류 제외)대상매장T.G.I.F 상시 10% 할인 대상매장서울잠실점, 잠실캐슬점, 건대스타시티점, 디큐브시티점, 김포공항점, 메세나폴리스점, 노원점, 청량리역점, 아이파크몰점경기분당점, 롯데마트 수지점, 롯데구리점, 수원롯데몰점, 롯데마트 영통점, 롯데일산점, 롯데평촌점대전대전둔산점, 롯데대전점광주광주터미널점전라도전주점충청도청주지웰시티점부산해운대점, 서면점, 롯데광복점, 롯데동래점경상도롯데창원점, 김해아울렛점, 대구범어점, 대구 아시아폴리스, 울산업스퀘어유의사항주류는 할인혜택에서 제외됩니다.통신사카드 및 할인권과 중복 이용 불가합니다.본 서비스는 사정 상 변경 될 수 있습니다.스카이패스 아멕스 골드, 스카이패스 아멕스카드는 TGIF할인 혜택이 없습니다.신규 회원의 경우 카드 사용등록월 포함 3개월은 이용실적 제한 없이 할인 가능합니다.기본/가족회원 및 복수카드 소지하신 회원의 경우, 이용금액 및 이용횟수는 모두 합산 적용됩니다.일 1회, 결제금액 기준 20만원(할인한도 2만원)까지 할인 적용됩니다.해당서비스는 전월(1일~말일) 이용실적이 20만원 이상인 회원에 한해 제공됩니다.(장기카드대출(카드론)/단기카드대출(현금서비스) 이용액 제외)/롯데리아, 엔제리너스커피, 나뚜루 할인: 혜택롯데카드로 결제 시 1,000원당 50원 현장할인대상매장롯데리아, 엔제리너스커피, 나뚜루 전 매장상기 서비스는 내부 사정에 의하여 변경되거나 취소될 수 있습니다.[포인트] /L.POINT 적립: 국내 및 해외 가맹점에서 1000원당 0.2%적립교통요금/마이비 유통가맹점 사용시 0.1% L.POINT 적립최근 3개월 평균 이용금액이 30만원(체크카드 10만원)이상인 경우 0.2% 적립되며 미만일 경우 미적립 됩니다.(VEEX / VEEX 플래티넘 카드, 포인트플러스 카드 계열 등 포인트 특화 적립 카드는 실적기준 및 적립률 상이)지방세, 고용보험, 산재보험, 장애인 고용 부담금, 일부 대학등록금, 도시가스비 납부, 아파트 관리비결제, 오토캐시백, 스마트캐시백, 단기카드대출(현금서비스), 장기카드대출(카드론), 연회비, 할부이자, 전 가맹점 무이자할부 이용 건에 대해서는 포인트가 적립되지 않습니다.자세한 내용은 아래 L.POINT 자세히 보기 에서 확인하시기 바랍니다.롯데멤버스㈜ 고객정보 제공에 동의하신 회원님에 한하여 L.POINT 적립 및 사용이 가능합니다.L.POINT 자세히 보기/롯데 SK 주유포인트 적립: 리터당 50원 적립30,000포인트 도달 시점부터 10,000포인트 단위로 현금처럼 사용가능전 가맹점 무이자 할부 이용 시 SK주유포인트 적립되지 않습니다.최근 3개월간(서비스 이용일 2일 전부터 92일간) 롯데카드로 매출이 접수된 이용실적 합계가 월 평균 30만원 이상(장기카드대출(카드론) 제외)인 회원에 한해 적용되며, 신규회원님의 경우 발급 후 3개월(발급월 포함 3개월 차 말일까지)동안만 실적 제한이 없습니다.기본/가족회원 및 복수카드를 소지하는 경우, 카드 이용금액 및 이용횟수가 모두 합산되어 적용됩니다.고시가격조회 및 계산하기롯데 SK주유포인트 자세히 보기
",2024-03-17 15:24:35.646581,DebitCard
5,해병대 전우 롯데체크플러스 카드,https://image.lottecard.co.kr/UploadFiles/ecenterPath/cdInfo/ecenterCdInfoC02860-B03365_nm1.gif,"<적립>[더블 포인트 적립 서비스] /혜택: 모든 L.POINT 제휴사에서 포인트플러스 카드로 결제 시 제휴사 현장에서 적립받은 L.POINT(L.POINT 카드 기본 적립포인트)를 한 번 더 적립!/L.POINT 제휴사 안내: L.POINT 제휴사에 관한 자세한 내용은 L.POINT 홈페이지 (www.lpoint.com)에서 확인하실 수 있습니다. 각 제휴사별 현장 적립포인트는 L.POINT 카드 적립률로 운영되며, 제휴사별 적립 기준에 의해 적립됩니다.각 제휴사별 현장 적립률 및 세부적립 기준은 L.POINT 서비스홈페이지 (www.lpoint.com)에서 확인하실 수 있습니다.이 더블 적립서비스는 포인트플러스 카드로 결제하시면서 현장 적립 받으신 포인트만큼 한 번 더 적립해드리는 서비스로, 다른 결제수단으로 결제하신 후 포인트플러스 카드로 현장 적립만 받으신 경우나 행사 등으로 제휴사에서 제공된 포인트에 대해서는 제공되지 않습니다.L.POINT 신규 제휴사가 추가 되는 경우에도 서비스가 제공됩니다.무이자 할부 이용 시 더블 포인트 적립서비스는 제공되지 않습니다.제휴사의 사정, 행사 등으로 인해 현장 적립이 제공되지 않은 매출에 대해서는 제공되지 않습니다.임대매장, 매장 내 위치한 가맹점 등과 같이 L.POINT 제휴사 외 가맹점 번호를 사용하는 곳 에서는 더블 적립이 제공되지 않습니다.롯데카드에서 제공하는 L.POINT는 카드결제 승인이 카드사에 접수된 이후, 영업일 기준 3일 이내에 적립됩니다.포인트로 결제한 금액에 대해서는 포인트 적립이 되지 않습니다.회원탈회, 카드도난, 분실 등의 사유로 카드사용이 정지된 경우에는 포인트 사용이 제한됩니다.매출 취소 시 취소 매출에 해당하는 포인트는 차감됩니다.위 L.POINT 제휴사에 포인트 적립을 위해 고객정보가 제공될 수 있으며, 신청서상 선택적 동의에 동의하신 경우 마케팅 활용 목적으로 고객정보가 사용될 수 있습니다.롯데멤버스㈜ 고객정보 제공에 동의하신 회원에 한하여 L.POINT 적립 및 사용이 가능합니다./이용방법: 롯데멤버스 제휴사에서 잔여 1포인트 이상 시 1포인트 단위로 사용 가능(단, 롯데백화점은 10포인트 단위로 사용)온라인 제휴사 이용 시 1포인트 단위로 사용 가능.1포인트 = 1원연회비 납부 대체 가능/ 포인트 기부 가능포인트 가족합산 신청 시 가족 구성원별로 본인카드로 적립한 포인트를 합산하여 이용 가능
<면제>[연회비 면제 및 SMS 무료 서비스] 평생 연회비가 면제되며, 카드 이용 안내 정보를 등록한 휴대폰으로 실시간 전송해 드리는 SMS 서비스는 무료 입니다.체크플러스카드의 경우 결제 시 승인SMS는 체크와 신용으로 분류되어 발송됩니다.잔고 부족 등의 사유로 신용으로 결제 시 ""잔고부족 전액신용"" 이라는 문구 삽입, 무승인 거래 및 은행 장애 등의 사유로 신용으로 결제 시 ""기타거래 전액신용"" 이라는 문구 삽입
<체크플러스>[계좌 잔고 부족 시 30만원 신용한도 제공 (체크+소액신용결제)] /혜택: 체크카드 기반의 신용기능 혼합형 카드로 계좌 잔고 부족 시 30만원의 신용카드 일시불 한도 제공소득공제 시 신용카드와 체크카드 이용금액 별도 산정합니다. (우편 청구서에 체크카드와 신용카드 사용액 구분하여 표기)소액 신용결제 이용한도는 롯데카드에서 정하는 별도의 신용평가 기준에 충족될 경우, 30만원 이내에서 한도를 부여합니다.체크플러스카드는 연회비 면제 됩니다./제한사항: 전액 신용 결제 방식으로 전환되는 경우는 아래와 같습니다.계좌 잔고 부족할 경우(ex_ 계좌 잔액이 1만원인 상황에 3만원 승인 시 3만원 전액 신용승인)계좌 개설 은행의 전산장애(은행 미응답, 은행 장애 등)체크카드 사용제한 시간 중(은행별 상이) 거래할 경우체크카드 일일 및 월간 사용한도를 초과할 경우포인트 결제할 경우(ex_ 2만 포인트 보유 회원이 3만원 승인 요청 시 2만원은 포인트로 차감, 1만원은 신용카드 승인단, L.POINT 제휴사에서 포인트 결제 시에는 체크카드 거래 가능(계좌 잔고 부족 시에는 신용카드 승인)무승인 거래의 경우(교통카드 대금, 휴대폰 부가서비스 이용, 자동납부 등)단, 무승인 거래 자동납부의 경우는 신용한도 내에서 신용승인 처리됩니다.체크카드 결제분에 대한 신용결제 전환 및 할부전환은 가능하지 않습니다.신용 결제 시 할부 기능이 없습니다.체크플러스카드 연결 계좌는 제한되어 있습니다.(국민, 농협, 신한, 우리, SC, 대구, 광주, 부산, 경남, 전북, 수협)체크 결제 기능 이용제한 시간 및 가맹점이용제한시간 : 23시 30분~09시 사이의 은행 시스템 작업으로 인해 체크카드 이용시 일시적으로 제한 될 수 있습니다. (매일 불규칙적 작업시행)이용제한 가맹점 : 고속버스/철도 승차권 예약, 항공기내 판매점, 한국통신 전화요금 결제, 이동통신 요금(SKT, KT, LGT)결제, 전기요금 등 각종 자동이체, 한국디지털 위성방송 요금결제, 자동판매기, 에이스보험결제, 동화면세점 이용 등
<혜택더하기>[건강/미용] /미용실 최대 20% 할인: 박준뷰티랩혜택 : 20% 할인대상매장 : 박준 뷰티랩 전 매장매장에서 판매하는 제품류 및 커트, 클리닉, 드라이는 제외되며, 다른 혜택과 중복사용이 불가능합니다.박승철 헤어스투디오혜택 : 15% 할인대상매장 : 박승철 헤어스투디오프리미엄 박승철 매장은 할인에서 제외됩니다.커트, 클리닉 서비스 및 제품 구입은 제외되며, 다른 혜택과 중복사용이 불가능합니다.상기 서비스는 내부 사정에 의하여 변경되거나 취소될 수 있습니다.상기 서비스는 현장할인 서비스입니다.다른 할인서비스와 중복할인 받을 수 없습니다.[놀이공원] /롯데월드 종합이용권 50% 할인: 회원본인 주/야간 종합이용권 50% 할인포인트플러스체크, I♥Busan 체크카드, SK롯데 체크카드는 롯데월드 혜택이 없습니다./경주월드, 대전오월드 자유이용권 50% 할인: 회원본인 자유이용권 50% 할인체크/법인카드는 제외됩니다./광주 패밀리랜드 자유이용권 50% 할인: 회원 본인 자유이용권 50% 할인실적 및 횟수 제한 없이 이용 가능합니다./서울랜드 자유이용권 40% 할인: 회원 본인 자유이용권 40% 할인실적 및 횟수 제한 없이 이용 가능합니다.제공기간 : 2017.1.1 ~ 2017.12.31/유의사항: 해당서비스는 전월(1일~말일) 이용실적이 20만원 이상인 회원에 한해 제공됩니다.(장기카드대출(카드론)/단기카드대출(현금서비스) 이용액 제외)신규회원의 경우 카드 사용등록월 포함 3개월 동안은 실적 제한없이 이용하실 수 있습니다.월 1회, 연 6회 (가족/복수카드 합산, 놀이공원 서비스 합산)까지 이용 가능합니다.당일 본인 및 가족카드 동시 이용 불가합니다.서울랜드, 광주 패밀리랜드는 실적 및 횟수 제한 없이 이용 가능합니다.상기 서비스는 내부 사정에 의하여 변경되거나 취소될 수 있습니다.[레저/스포츠] /롯데 자이언츠 20% 할인: 대상롯데카드 소지 회원 (구 롯데백화점 카드 제외)혜택일 1회(동반 1인 포함)에 한해 롯데카드 온라인 구매 또는 현장구매 시 할인단, 포스트시즌 경기에는 입장료 할인 서비스가 적용되지 않습니다.[쇼핑] /롯데백화점 5% 할인 e-쿠폰 및 무료 주차권 제공: 롯데백화점 5%할인 e-쿠폰쿠폰 발행월 직전 6개월 간 롯데백화점에서 30만원 이상 카드 이용 회원님께 5%할인 e-쿠폰을 매월 1일, 2매씩 드립니다.백화점에서 현금으로 이용한 금액(즉시 입금 제외)및 임대매장에서 이용한 카드금액은 이용실적 기준에서 제외됩니다.신규, 추가, 교체 카드 발급 시 실적 상관없이 2매씩 3번 발생됩니다.(e-쿠폰 안내 참조)(신속(즉시)발급 및 재발급은 쿠폰 생성 안됨)세일상품, 식품, 식당가, 가전, 임대매장 및 명품매장 등에서는 5%할인 e-쿠폰이 적용되지 않습니다.E-쿠폰 발행 및 사용내역조회무이자 할부5만원 이상 구매시 2~3개월 무이자 할부가 가능합니다.(체크카드, 일부 임대매장 제외)/롯데ON 5% 할인 및 무이자 할부 혜택: 롯데백화점 상품 5%할인(월 3회)/일반 상품 5%할인일부 상품에 한해 서비스 제공됩니다.3개월 무이자 할부(체크카드 제외, 일부 품목 최대 12개월 무이자 할부)기획 상품 등 일부 상품은 상기 서비스 대상에서 제외됩니다./롯데마트, 롯데슈퍼 2~3개월 무이자 할부 (체크카드 제외): 롯데마트, 롯데슈퍼 5만원 이상 구매 시 2~3개월 무이자 할부 혜택 제공세븐일레븐 멤버십 체크카드는 무이자 할부 혜택이 없습니다.대상 매장 보기/토이저러스 2~3개월 무이자할부 혜택 (체크카드 제외): 혜택토이저러스(Toysrus)에서 5만원 이상 2~3개월 무이자 할부 혜택 제공매장전 매장(1호점 : 롯데마트 구로점 내)/소액무서명 결제 서비스: 대상 가맹점롯데백화점, 롯데마트, 롯데슈퍼, 세븐일레븐, 롯데리아, 크리스피크림도넛, 롯데면세점, 토이저러스, 롯데호텔, 롯데월드내용대상 가맹점에서 3만원 이하 금액은 서명 없이 결제(롯데백화점, 롯데마트, 롯데호텔, 롯데월드는 5만원 이하건에 적용)[영화/공연] /롯데시네마 관람료 1,500원 청구할인: 혜택영화관람료 1,500원 청구할인대상영화관롯데시네마 전 상영관매장안내 : www.lottecinema.co.kr해당서비스는 전월(1일~말일) 이용실적이 20만원 이상인 회원에 한해 제공됩니다.(장기카드대출(카드론)/단기카드대출(현금서비스) 이용액 제외)1일 1회, 월 5회, 연 12회에 한하며 가족-복수카드 합산 횟수 제한 적용됩니다.현장 구매에 한해 할인 적용되며, 할인액은 청구서에서 확인 가능합니다.(홈페이지 예매는 롯데시네마 홈페이지 예매 시만 할인적용)사정상 서비스 내용이 변경 또는 취소될 수 있습니다.롯데카드 최초 신규 입회 회원의 경우 카드 사용등록월 포함 3개월까지는 카드사용 실적이 없더라도 이용 가능합니다.상기 서비스는 내부 사정에 의하여 변경되거나 취소될 수 있습니다.[외식] /보네스뻬/보네스뻬브레드 10% 할인: 혜택롯데카드 결제 시 10% 할인대상매장보네스뻬/보네스뻬브레드 10% 할인 대상매장보네스뻬롯데백화점 본점, 청량리점, 노원점, 건대스타시티점, 일산점, 부산동래점, 광복점, 대구상인점, 대구역사점, 울산점, 전주점보네스뻬브레드천호점, 대구이시아폴리스점, 부산부곡점, 서초우면점, 원당점, 수지성복점/T.G.I.F 상시 10% 할인: 혜택상시 10% 할인(주류 제외)대상매장T.G.I.F 상시 10% 할인 대상매장서울잠실점, 잠실캐슬점, 건대스타시티점, 디큐브시티점, 김포공항점, 메세나폴리스점, 노원점, 청량리역점, 아이파크몰점경기분당점, 롯데마트 수지점, 롯데구리점, 수원롯데몰점, 롯데마트 영통점, 롯데일산점, 롯데평촌점대전대전둔산점, 롯데대전점광주광주터미널점전라도전주점충청도청주지웰시티점부산해운대점, 서면점, 롯데광복점, 롯데동래점경상도롯데창원점, 김해아울렛점, 대구범어점, 대구 아시아폴리스, 울산업스퀘어유의사항주류는 할인혜택에서 제외됩니다.통신사카드 및 할인권과 중복 이용 불가합니다.본 서비스는 사정 상 변경 될 수 있습니다.스카이패스 아멕스 골드, 스카이패스 아멕스카드는 TGIF할인 혜택이 없습니다.신규 회원의 경우 카드 사용등록월 포함 3개월은 이용실적 제한 없이 할인 가능합니다.기본/가족회원 및 복수카드 소지하신 회원의 경우, 이용금액 및 이용횟수는 모두 합산 적용됩니다.일 1회, 결제금액 기준 20만원(할인한도 2만원)까지 할인 적용됩니다.해당서비스는 전월(1일~말일) 이용실적이 20만원 이상인 회원에 한해 제공됩니다.(장기카드대출(카드론)/단기카드대출(현금서비스) 이용액 제외)/롯데리아, 엔제리너스커피, 나뚜루 할인: 혜택롯데카드로 결제 시 1,000원당 50원 현장할인대상매장롯데리아, 엔제리너스커피, 나뚜루 전 매장상기 서비스는 내부 사정에 의하여 변경되거나 취소될 수 있습니다.[자동차] /SK주유소 리터당 SK주유포인트 50원적립: 혜택리터당 50원 적립(휘발유, 등유, 경유는 휘발유 기준유가로 환산하여 적립)적립한도일 30만원, 월 100만원까지 적립이용방법SK주유소에서 주유 시 현금처럼 사용최초 1만 포인트 도달 시 1포인트 단위로 사용유효기간 5년 SK주유소 상세정보 조회단, 롯데 샤롯데 플래티늄, 맘&데디, S-OiL보너스, SK, 스카이패스아멕스 골드, 스카이패스 아멕스, 스카이패스 루브르 명작, SKYPASS, 대우증권, SK스마트, 아시아나클럽, 아시아나클럽 롯데플래티늄카드, 롯데 엔크린카드, SKYPASS, 롯데골드아멕스카드, 아시아나클럽 롯데골드아멕스카드, 모두투어 마일리지 롯데카드는 SK주유포인트 미적립전 가맹점 무이자 할부 이용 시 SK주유포인트 적립되지 않습니다.DC스마트카드의 경우 2010년 8월 31일까지 상기 서비스가 제공됩니다.최근 3개월간(서비스 이용일 2일 전부터 92일간) 롯데카드로 매출이 접수된 이용실적 합계가 월 평균 30만원 이상(장기카드대출(카드론) 제외)인 회원에 한해 적용되며, 신규회원님의 경우 발급 후 3개월(발급월 포함 3개월 차 말일까지)동안만 실적 제한이 없습니다.기본/가족회원 및 복수카드를 소지하는 경우, 카드 이용금액 및 이용횟수가 모두 합산되어 적용됩니다.고시가격조회 및 계산하기
",2024-03-17 15:24:36.028403,DebitCard
5,뉴롯데시네마 롯데체크카드,https://image.lottecard.co.kr/UploadFiles/ecenterPath/cdInfo/ecenterCdInfoC10482-A10482_nm1.png,"<할인>[롯데시네마 관람권 최대 30% 할인] 표의 칼럼은 지난달 1일~말일  뉴롯데시네마 체크카드 이용실적, 이번달 할인율, 이번달 할인한도 로 이루어져 있습니다.표의 칼럼은 지난달 1일~말일  뉴롯데시네마 체크카드 이용실적, 이번달 할인율, 이번달 할인한도 로 이루어져 있습니다.표의 1번째 행은 20만원 이상, 15%, 3천원 로 이루어져 있습니다.표의 2번째 행은 40만원 이상, 30%, 5천원 로 이루어져 있습니다.[통신요금 자동 이체 시 5% 청구할인] 표의 칼럼은 지난달 1일~말일  뉴롯데시네마 체크카드 이용실적, 이번달 할인율, 이번달 할인한도 로 이루어져 있습니다.표의 칼럼은 지난달 1일~말일  뉴롯데시네마 체크카드 이용실적, 이번달 할인율, 이번달 할인한도 로 이루어져 있습니다.표의 1번째 행은 30만원 이상, 5%, 2천원 로 이루어져 있습니다.실적유예기간: 카드 사용등록 월 포함 1개월할인 횟수: 월 1회롯데카드에 등록된 SKT, KT, LGU+ 통신요금 자동이체 가맹점으로 결제 시 할인되며, 5만원 이상 결제금액에 한하여 제공됩니다.
<혜택더하기>[쇼핑] /롯데백화점 5%할인 e-쿠폰, 무료주차권 제공: 쿠폰 발행월 직전 6개월간 롯데백화점에서 30만원 이상 카드 이용회원에 한해 매월 1일 2매 발행/롯데ON 1~5% 현장할인(일부상품 제외): [외식] /T.G.I.FRiDAYs 10% 현장할인: 지난달(1일~말일) 이용실적 20만원 이상인 회원님께 제공통신사 카드 및 다른 할인권과 중복 이용불가일 1회, 이용금액 기준 20만원(할인한도 2만원)까지 할인/롯데리아, 엔제리너스, 나뚜루 1,000원당 50원 현장할인: /보네스뻬 10% 현장할인: [여가 · 문화] /롯데월드 본인 종합이용권 50% 현장할인: 지난달(1일~말일) 이용실적 20만원 이상인 회원님께 제공월 1회, 연 6회 제공[L.POINT] 롯데멤버스㈜ 고객정보에 동의하신 회원에 한하여 L.POINT 회원가입이 가능합니다.L.POINT는 L.POINT 제휴사 이용 시 결제금액에 따라 적립받고 현금처럼 사용 가능한 포인트입니다.L.POINT 회원가입 시 롯데카드가 제공하는 L.POINT 적립 서비스가 제공됩니다.뉴롯데시네마 롯데체크카드로 결제 시 롯데카드가 제공하는 L.POINT 적립서비스가 제공되지 않습니다.단, 다른 L.POINT 제휴사가 제공하는 L.POINT는 적립 가능합니다.※ L.POINT의 사용과 적립에 관한 자세한 내용은 L.POINT 홈페이지 (www.lpoint.com) 및 롯데카드 홈페이지 (www.lottecard.co.kr)에서 확인하실 수 있습니다.이 카드는 롯데SK주유포인트 및 롯데시네마 1,500원 할인서비스는 제공되지 않습니다.
",2024-03-17 15:24:36.370583,DebitCard
5,쇼퍼홀릭 롯데홈쇼핑 롯데체크카드,https://image.lottecard.co.kr/UploadFiles/ecenterPath/cdInfo/ecenterCdInfoC10763-A10763_nm1.jpg,"<적립>[[쇼핑적립] 롯데홈쇼핑 결제 시 L.POINT 적립] /혜택: [쇼핑적립] 롯데홈쇼핑 결제 시 L.POINT 적립/이용조건: 표의 칼럼은 지난달(1일~말일) 쇼퍼홀릭 롯데홈쇼핑 체크카드 이용금액, 이번 달 적립률 로 이루어져 있습니다.표의 칼럼은 지난달(1일~말일) 쇼퍼홀릭 롯데홈쇼핑 체크카드 이용금액, 이번 달 적립률 로 이루어져 있습니다.표의 1번째 행은 2.0% 로 이루어져 있습니다.표의 2번째 행은 1.5% 로 이루어져 있습니다.쇼퍼홀릭 롯데홈쇼핑 체크카드로 인터넷 롯데아이몰, TV홈쇼핑, 모바일에서 결제 시 롯데카드 포인트가 적립됩니다.카드 사용등록 월 포함하여 2개월 동안은 실적 관계없이 1.5% 적립이 적용됩니다.위 이용금액기준은 지난달(1일~말일) 쇼퍼홀릭 롯데홈쇼핑 체크카드 이용금액에 따라 이번 달(1일~말일) 적립률이 적용됩니다.위 적립혜택은 대상 가맹점에 적용되는 롯데카드의 다른 적립 서비스와 중복으로 적립 받으실 수 없으며, 중복 시에는 적립금액이 큰 서비스의 적립혜택을 받으실 수 있습니다.위 서비스의 이용실적 산정 기준은 쇼퍼홀릭 롯데홈쇼핑 체크카드 본인 및 가족카드가 합산 적용됩니다.체크카드는 무이자 할부 서비스가 적용되지 않습니다.L.POINT(롯데카드 적립)는 카드 결제 승인이 카드사에 접수된 이후 3영업일 이내에 적립됩니다.
<혜택더하기>[쇼핑] 롯데백화점5% 현장할인 e-쿠폰, 무료주차권 제공        쿠폰발행월 직전 6개월간 롯데백화점에서 30만원 이상 카드(일시불, 할부) 이용회원에 한하여 매월 1일 2매 제공무료주차권은 롯데카드 앱에서 제공롯데ON1~5% 카드결제 시 할인(일부품목 제외)[외식 · 뷰티] T.G.I.FRIDAYS 10% 현장할인 (주류제외) 지난달(1일~말일) 일시불 및 할부 이용실적 20만원 이상 시 혜택통신사 카드 및 다른 할인권과 중복 이용불가일1회, 이용금액 기준 20만원까지 할인헤택 롯데리아 · 엔제리너스 · 나뚜루1,000원당 50원 현장할인보네스뻬 · 보네스뻬브레드10% 현장할인박준뷰티랩20% 현장할인박승철 헤어 스투디오15% 현장할인 (프리미엄매장제외)        뷰티 서비스는 커트, 클리닉, 드라이, 판매제품 할인 제외[여가 · 문화] 롯데월드본인 종합이용권 50% 현장할인        월 1회, 연 6회 할인혜택 서울랜드본인 자유이용권 30% 현장할인롯데시네마영화관람료 1,500원 청구할인        일 1회, 월 5회, 연 12회롯데월드 및 롯데시네마는 지난달(1일~말일) 일시불 및 할부 이용실적 20만원이상 시 할인 혜택[포인트] L.POINT롯데멤버스(주) 고객정보에 동의하신 회원에 한하여 L.POINT 회원 가입이 가능합니다.L.POINT는 L.POINT 제휴사 이용시 결제금액에 따라 적립받고 현금처럼 사용 가능한 포인트 입니다.쇼퍼홀릭 롯데홈쇼핑 카드로 결제시 롯데카드가 제공하는 L.POINT 및 SK주유포인트 적립서비스가 제공되지 않습니다.단, 다른 L.POINT 제휴사가 제공하는 L.POINT는 적립 가능합니다.L.POINT의 사용과 적립에 관한 자세한 내용은 L.POINT 홈페이지(www.lpoint.com) 및 롯데카드 홈페이지(www.lottecard.co.kr)에서 확인하실 수 있습니다.SK주유소에서 결제 시 리터당 50원 SK주유포인트 적립(1포인트=1원)일 30만원, 월 100만원까지 적립(최초 3만포인트 도달시 1만포인트 단위로 사용)최근 3개월간(서비스이용일 2일 전부터 92일간) 롯데카드로 매출이 접수 된 이용실적 합계가 월 평균 30만원 이상인 회원에 한해 적용자세한 내용은 롯데카드 홈페이지(www.lottecard.co.kr)를 참고하시기 바랍니다.
",2024-03-17 15:24:36.670370,DebitCard
5,AIA생명 롯데 리얼체크카드,https://image.lottecard.co.kr/UploadFiles/ecenterPath/cdInfo/ecenterCdInfoC11048-A11048_nm1.jpg,"<할인>[AIA생명 보험료 결제 시 월 3천원~5천원 할인] /혜택: AIA생명 롯데 리얼체크카드로 보험료 결제 시 월 3천원~5천원 할인표의 칼럼은 지난달(1일~말일)AIA생명 롯데 리얼체크카드 이용금액, 이번 달(1일~말일)보험료 할인 금액 로 이루어져 있습니다.표의 칼럼은 지난달(1일~말일)AIA생명 롯데 리얼체크카드 이용금액, 이번 달(1일~말일)보험료 할인 금액 로 이루어져 있습니다.표의 1번째 행은 30만원 이상, 3천원 로 이루어져 있습니다.표의 2번째 행은 50만원 이상, 5천원 로 이루어져 있습니다./이용조건: 월 1회 , AIA생명 보험료 할인 적용되며 카드 사용등록 월 포함하여 2개월 동안은 이용실적 관계없이 보험료 3천원 할인 혜택을 받으실 수 있습니다.지난달(1일~말일) AIA생명 롯데 리얼체크카드 이용금액에 따라 이번 달(1일~말일) 보험료 할인금액이 적용됩니다.위 혜택 카드는 체크카드이므로 캐시백 형태로 할인이 적용됩니다.자동이체 결제 건이 롯데카드 매입된 이후 3~4일 영업일 후 결제계좌로 입금 처리됩니다.AIA생명 롯데 리얼체크카드 보험료 자동이체 시에만 할인혜택을 받으실 수 있습니다.보험료 할인 서비스는 AIA생명 고객센터(1588-9898)를 통해 카드 자동이체 신청 후 자동이체 등록된 보험료 금액이 롯데카드에 청구되는 시점부터 청구 할인 혜택을 받으실 수 있습니다.보험료 할인 서비스는 AIA생명 고객센터(1588-9898)를 통해 카드 자동이체 신청 후 자동이체 등록된 보험료 금액이 롯데카드에 청구되는 시점부터 청구 할인 혜택을 받으실 수 있습니다.위 할인혜택은 대상 가맹점에 적용되는 롯데카드의 다른 청구할인 서비스와 중복으로 할인 받으실 수 없으며, 중복 시에는 할인금액이 큰 서비스의 할인혜택을 받으실 수 있습니다.위 서비스의 이용실적 산정 기준 및 할인금액 한도 적용은 AIA생명 롯데 리얼체크카드 본인 및 가족카드가 합산 적용됩니다.보험 요금 자동이체 납부일자는 제휴사인 AIA생명 요금 납부 기준에 의해 롯데카드에 청구됩니다.보험 요금을 AIA생명 롯데 리얼체크카드로 결제하더라도 자동이체가 아닌 다른 결제, 일반납부의 결제, 보험료 자동이체일을 경과하여 결제된 경우에는 할인혜택을 받으실 수 없습니다.AIA생명 롯데 리얼체크카드로 결제시 롯데카드에서 제공하는 L.POINT 및 SK주유포인트 적립서비스가 제공되지 않습니다./AIA생명 보험료 할인 방법 >>>: 보험료 할인 방법AIA생명 보험상품 가격30,000원 x 연 12회 = 360,000원AIA생명 롯데 리얼체크카드 결제 시 할인금액5,000원 x 연 12회 = 60,000원고객 청구 금액월 25,000원지난달(1일~말일) AIA생명 롯데 리얼체크카드 이용실적 50만원 이상 시 할인 혜택 적용AIA홈페이지 바로가기
<면제>[연회비 면제 및 SMS 무료] /혜택: 연회비 면제 및 SMS 무료 서비스평생 연회비가 면제되고, 카드 이용 안내 정보를 등록한 휴대폰으로 실시간 전송해 드리는 SMS 서비스는 무료입니다.
<혜택더하기>[건강/미용] /미용실 최대 20% 할인: 박준뷰티랩혜택 : 20% 할인대상매장 : 박준 뷰티랩 전 매장매장에서 판매하는 제품류 및 커트, 클리닉, 드라이는 제외되며, 다른 혜택과 중복사용이 불가능합니다.박승철 헤어스투디오혜택 : 15% 할인대상매장 : 박승철 헤어스투디오프리미엄 박승철 매장은 할인에서 제외됩니다.커트, 클리닉 서비스 및 제품 구입은 제외되며, 다른 혜택과 중복사용이 불가능합니다.상기 서비스는 내부 사정에 의하여 변경되거나 취소될 수 있습니다.상기 서비스는 현장할인 서비스입니다.다른 할인서비스와 중복할인 받을 수 없습니다.[놀이공원] /롯데월드 종합이용권 50% 할인: 회원본인 주/야간 종합이용권 50% 할인포인트플러스체크, I♥Busan 체크카드, SK롯데 체크카드는 롯데월드 혜택이 없습니다./경주월드, 대전오월드 자유이용권 50% 할인: 회원본인 자유이용권 50% 할인체크/법인카드는 제외됩니다./광주 패밀리랜드 자유이용권 50% 할인: 회원 본인 자유이용권 50% 할인실적 및 횟수 제한 없이 이용 가능합니다./서울랜드 자유이용권 40% 할인: 회원 본인 자유이용권 40% 할인실적 및 횟수 제한 없이 이용 가능합니다.제공기간 : 2017.1.1 ~ 2017.12.31/유의사항: 해당서비스는 전월(1일~말일) 이용실적이 20만원 이상인 회원에 한해 제공됩니다.(장기카드대출(카드론)/단기카드대출(현금서비스) 이용액 제외)신규회원의 경우 카드 사용등록월 포함 3개월 동안은 실적 제한없이 이용하실 수 있습니다.월 1회, 연 6회 (가족/복수카드 합산, 놀이공원 서비스 합산)까지 이용 가능합니다.당일 본인 및 가족카드 동시 이용 불가합니다.서울랜드, 광주 패밀리랜드는 실적 및 횟수 제한 없이 이용 가능합니다.상기 서비스는 내부 사정에 의하여 변경되거나 취소될 수 있습니다.[레저/스포츠] /롯데 자이언츠 20% 할인: 대상롯데카드 소지 회원 (구 롯데백화점 카드 제외)혜택일 1회(동반 1인 포함)에 한해 롯데카드 온라인 구매 또는 현장구매 시 할인단, 포스트시즌 경기에는 입장료 할인 서비스가 적용되지 않습니다.[쇼핑] /롯데백화점 5% 할인 e-쿠폰 및 무료 주차권 제공: 롯데백화점 5%할인 e-쿠폰쿠폰 발행월 직전 6개월 간 롯데백화점에서 30만원 이상 카드 이용 회원님께 5%할인 e-쿠폰을 매월 1일, 2매씩 드립니다.백화점에서 현금으로 이용한 금액(즉시 입금 제외)및 임대매장에서 이용한 카드금액은 이용실적 기준에서 제외됩니다.신규, 추가, 교체 카드 발급 시 실적 상관없이 2매씩 3번 발생됩니다.(e-쿠폰 안내 참조)(신속(즉시)발급 및 재발급은 쿠폰 생성 안됨)세일상품, 식품, 식당가, 가전, 임대매장 및 명품매장 등에서는 5%할인 e-쿠폰이 적용되지 않습니다.E-쿠폰 발행 및 사용내역조회무이자 할부5만원 이상 구매시 2~3개월 무이자 할부가 가능합니다.(체크카드, 일부 임대매장 제외)/롯데ON 5% 할인 및 무이자 할부 혜택: 롯데백화점 상품 5%할인(월 3회)/일반 상품 5%할인일부 상품에 한해 서비스 제공됩니다.3개월 무이자 할부(체크카드 제외, 일부 품목 최대 12개월 무이자 할부)기획 상품 등 일부 상품은 상기 서비스 대상에서 제외됩니다./롯데마트, 롯데슈퍼 2~3개월 무이자 할부 (체크카드 제외): 롯데마트, 롯데슈퍼 5만원 이상 구매 시 2~3개월 무이자 할부 혜택 제공세븐일레븐 멤버십 체크카드는 무이자 할부 혜택이 없습니다.대상 매장 보기/토이저러스 2~3개월 무이자할부 혜택 (체크카드 제외): 혜택토이저러스(Toysrus)에서 5만원 이상 2~3개월 무이자 할부 혜택 제공매장전 매장(1호점 : 롯데마트 구로점 내)/소액무서명 결제 서비스: 대상 가맹점롯데백화점, 롯데마트, 롯데슈퍼, 세븐일레븐, 롯데리아, 크리스피크림도넛, 롯데면세점, 토이저러스, 롯데호텔, 롯데월드내용대상 가맹점에서 3만원 이하 금액은 서명 없이 결제(롯데백화점, 롯데마트, 롯데호텔, 롯데월드는 5만원 이하건에 적용)[여행] /여행서비스: 해외항공권 : 1~7%할인 [일부항공사  제외]해외여행상품[패키지/허니문] : 3~7%할인해외호텔 : 5~7% 할인문의·예약롯데카드 여행서비스 1577-8400 (www.lottecard.co.kr/travel)롯데카드 여행서비스를 통한 예약에 한해 할인이 적용됩니다.할인율은 상품종류 또는 서비스시점에 따라 변경될 수 있습니다.자세한 내용은 전화문의 또는 홈페이지를 확인해 주시기 바랍니다.[영화/공연] /롯데시네마 관람료 1,500원 청구할인: 혜택영화관람료 1,500원 청구할인대상영화관롯데시네마 전 상영관매장안내 : www.lottecinema.co.kr해당서비스는 전월(1일~말일) 이용실적이 20만원 이상인 회원에 한해 제공됩니다.(장기카드대출(카드론)/단기카드대출(현금서비스) 이용액 제외)1일 1회, 월 5회, 연 12회에 한하며 가족-복수카드 합산 횟수 제한 적용됩니다.현장 구매에 한해 할인 적용되며, 할인액은 청구서에서 확인 가능합니다.(홈페이지 예매는 롯데시네마 홈페이지 예매 시만 할인적용)사정상 서비스 내용이 변경 또는 취소될 수 있습니다.롯데카드 최초 신규 입회 회원의 경우 카드 사용등록월 포함 3개월까지는 카드사용 실적이 없더라도 이용 가능합니다.상기 서비스는 내부 사정에 의하여 변경되거나 취소될 수 있습니다.[외식] /보네스뻬/보네스뻬브레드 10% 할인: 혜택롯데카드 결제 시 10% 할인대상매장보네스뻬/보네스뻬브레드 10% 할인 대상매장보네스뻬롯데백화점 본점, 청량리점, 노원점, 건대스타시티점, 일산점, 부산동래점, 광복점, 대구상인점, 대구역사점, 울산점, 전주점보네스뻬브레드천호점, 대구이시아폴리스점, 부산부곡점, 서초우면점, 원당점, 수지성복점/T.G.I.F 상시 10% 할인: 혜택상시 10% 할인(주류 제외)대상매장T.G.I.F 상시 10% 할인 대상매장서울잠실점, 잠실캐슬점, 건대스타시티점, 디큐브시티점, 김포공항점, 메세나폴리스점, 노원점, 청량리역점, 아이파크몰점경기분당점, 롯데마트 수지점, 롯데구리점, 수원롯데몰점, 롯데마트 영통점, 롯데일산점, 롯데평촌점대전대전둔산점, 롯데대전점광주광주터미널점전라도전주점충청도청주지웰시티점부산해운대점, 서면점, 롯데광복점, 롯데동래점경상도롯데창원점, 김해아울렛점, 대구범어점, 대구 아시아폴리스, 울산업스퀘어유의사항주류는 할인혜택에서 제외됩니다.통신사카드 및 할인권과 중복 이용 불가합니다.본 서비스는 사정 상 변경 될 수 있습니다.스카이패스 아멕스 골드, 스카이패스 아멕스카드는 TGIF할인 혜택이 없습니다.신규 회원의 경우 카드 사용등록월 포함 3개월은 이용실적 제한 없이 할인 가능합니다.기본/가족회원 및 복수카드 소지하신 회원의 경우, 이용금액 및 이용횟수는 모두 합산 적용됩니다.일 1회, 결제금액 기준 20만원(할인한도 2만원)까지 할인 적용됩니다.해당서비스는 전월(1일~말일) 이용실적이 20만원 이상인 회원에 한해 제공됩니다.(장기카드대출(카드론)/단기카드대출(현금서비스) 이용액 제외)/롯데리아, 엔제리너스커피, 나뚜루 할인: 혜택롯데카드로 결제 시 1,000원당 50원 현장할인대상매장롯데리아, 엔제리너스커피, 나뚜루 전 매장상기 서비스는 내부 사정에 의하여 변경되거나 취소될 수 있습니다.[포인트] /L.POINT 적립: 롯데멤버스㈜ 고객정보 제공에 동의 하신 회원에 한하여 L.POINT 회원 가입이 가능합니다.L.POINT는 L.POINT 제휴사 이용시 결제금액에 따라 적립받고 현금처럼 사용가능한 포인트입니다.L.POINT의 사용과 적립에 관한 자세한 내용은 L.POINT 홈페이지(www.lpoint.com)에서 확인하실수 있습니다.이 상품은 롯데카드가 제공하는 L.POINT 적립서비스가 제공되지 않습니다.단, 다른 L.POINT 제휴사 이용시 이용하신 제휴사가 제공하는 L.POINT는 적립 가능합니다.L.POINT 자세히 보기
",2024-03-17 15:24:37.029594,DebitCard
5,경차 smart 롯데체크카드,https://image.lottecard.co.kr/UploadFiles/ecenterPath/cdInfo/ecenterCdInfoC11885-A11885_nm1.png,"<유류세 환급>[경차유류세환급 서비스 제공 및 방법] /혜택: 경차만의 특권! 경차 이용 시 유류세 환급 서비스 제공/경차 smart 롯데카드란?: 2008년 5월부터 배기량 1,000cc미만의 경차 이용자가 주유소 또는 충전소에서 해당 경차의 연료를 구매한 경우 유류세의 일부를 환급해주는 경차 유류세 환급제도가 시행 중입니다.경차 유류세 환급은 별도의 신청 절차 없이 카드대금 청구 시 할인됩니다./회원가입 자격 조건: 1가구 1차량(경형승용차, 경형승합차)의 경우만 가능 단, 1가구 1경형승용차와 1경형승합차 동시 소유의 경우는 2대 모두 가능국가 유공자 유가보조금 지원 차량은 가입대상에서 제외/유류세 환급 서비스: 환급세액 (원단위 이하 절사)휘발유, 경유 : 250원/리터LPG : 160.82원/리터연간한도 : 30만원유류세 환급단가는 정부정책에 따라 변경될 수 있음한국석유공사 페트로넷(www.petronet.co.kr)에서 공시하는 지역별(특별시 · 광역시 · 특별자치시 · 도 · 제주특별자치도) 유류 단위당 주간 평균판매가격으로 계산하기 때문에, 실제 전표상의 유류수량과 유류세 환급대상 유류수량과는 차이가 있을 수 있습니다1회 6만원, 1일 12만원 이하의 유류 결제대금에 대하여 제공 (1회 48리터 초과 결제 건은 환급대상에서 제외)유류수량은 소수점 둘째 자리까지 적용(셋째 자리 이하 절사)/< 경차유류세 환급방법 >: 유류세 할인 후 통장에서 인출주유 캐시백 서비스는 통장에 입금경차유류환급내역 조회유류세 환급 및 주유 캐시백 예시서울에 있는 주유소에서 1,500원/리터에 판매하는 휘발유를 5만원 주유 시 환급 받는 유류세 환급금액은? (서울지역 기준유가: 1,550원/리터, SK㈜ 기준유가: 1,450원/리터)상기 기준유가 금액은 예시입니다.유류세 환급 할인 (통장에서 인출)주유금액(5만원) ÷ 1,550원/리터 = 32.25리터 × 리터당 250원 할인 = 8,062원 실제 환급할인금액 = 8,060원 (국세청 환급세액 지침 의거 원단위 이하 절사)유류수량은 소수 둘째 자리까지 적용(셋째 자리 이하 절사)smart 주유 캐시백 (통장에 입금)주유환산금액[5만원 - 유류세 할인금액(8,060원)] × 할인율(2.8%) = 1,174원(소수 첫째 반올림)할인율 : 40원 ÷ 1,450원/리터 (소수 둘째 반올림)경차 smart 롯데카드 회원 실제 인출금액주유금액 50,000원 - (유류세 할인 8,060 + smart주유캐시백 1,174원) = 40,766원지역별 판매 유가는 한국석유공사 페트로넷(www.petronet.co.kr)에서 확인 가능합니다.유류세 환급 유의사항유류세 환급용 카드 부정 사용 시 유류세 환수 및 가산세 추징 또는 지급 중단 등의 불이익을 받을 수 있습니다.차량번호 등 차량정보가 변경될 경우 카드를 재발급 받으셔야 유류세 환급이 지속됩니다.유류세 환급 자격정지 후, 자격이 다시 복원될 경우 카드를 재발급 또는 환급 서비스 신청을 해주셔야 유류세 환급이 가능합니다.
<캐시백>[모든 주유소 할인되는 경차 smart 주유 캐시백 서비스] /혜택: 경차 smart 주유 캐시백 서비스/할인 서비스: 표의 칼럼은 대상가맹점, 캐시백금액, 할인율 로 이루어져 있습니다.표의 칼럼은 대상가맹점, 캐시백금액, 할인율 로 이루어져 있습니다.표의 1번째 행은 전 주유소(가스충전소), 리터당 40원 캐시백, 월 1만원 로 이루어져 있습니다./<주유 캐시백 예시 >: 유류세 환급대상 건(주유금액 - 환급금액) × 할인율 = 캐시백금액유류세 환급 미대상 건주유금액 × 할인율 = 캐시백금액할인율 = 40원 ÷ SK㈜ 지정고시 휘발유 가격지난달 이용금액 제외 대상경차 smart 롯데 체크카드로 캐시백 받은 이용금액, 지방세/국세 등 세금납부 이용금액, 기프트/선불카드 충전이용금액, 단기카드대출(현금서비스), 장기카드대출(카드론), 연회비, 상품권 구매 이용금액, 이자 및 각종 수수료 등경차 smart 롯데 체크카드를 최초로 발급하신 경우, 카드사용등록일로 부터 다음달 말일까지 지난달 이용금액에 관계없이 1만원 캐시백 한도가 제공됩니다.캐시백은 해당 매출이 매입된 이후 3~4영업일 후 체크카드로 연결된 계좌로 입금 처리됩니다.다른 카드사로부터 경차 유류세 환급카드를 발급받으셔도, 경차 smart 롯데체크카드는 사용이 가능하십니다. 또한, 유류세 환급기능을 제외한 경차 smart 주유 캐시백 서비스 및 더블포인트 적립 서비스 등 롯데카드의 다양한 혜택을 받으실 수 있습니다.
<적립>[더블 포인트 적립 서비스] /혜택: L.POINT 모든 제휴사에서 경차 smart 롯데 체크카드로 결제 시 제휴사 현장에서 적립 받은 L.POINT (L.POINT 카드 기본 적립포인트)를 한 번 더 적립!이 더블 적립서비스는 경차 smart 롯데 체크카드로 결제하시면서 현장 적립 받으신 포인트만큼 한 번 더 적립해드리는 서비스로, 다른 결제수단으로 결제하신 후 경차 smart 롯데 체크카드로 현장 적립만 받으신 경우나 행사 등으로 제휴사에서 제공된 포인트에 대해서는 제공되지 않습니다.임대매장, 매장 내 위치한 가맹점 등과 같이 L.POINT 외 가맹점 번호를 사용하는 곳에서는 더블적립이 제공되지 않습니다.
",2024-03-17 15:24:37.370462,DebitCard
5,롯데 weekly 체크카드(경기도 청소년 교통비 지원),https://image.lottecard.co.kr/UploadFiles/ecenterPath/cdInfo/ecenterCdInfoC13420-A13420_nm1.png,"<캐시백>[Weekly 캐시백 서비스] /Weekly 캐시백 서비스: 표의 칼럼은 매주 평일 이용실적(월~금), 주말(토일) 캐시백, 월 캐시백한도 로 이루어져 있습니다.표의 칼럼은 매주 평일 이용실적(월~금), 주말(토일) 캐시백, 월 캐시백한도 로 이루어져 있습니다.표의 1번째 행은 주말이용실적의 0.5% 캐시백, 2만원 로 이루어져 있습니다.표의 2번째 행은 주말이용실적의 1.0% 캐시백 로 이루어져 있습니다.표의 3번째 행은 주말이용실적의 2.0% 캐시백 로 이루어져 있습니다.
<혜택 더하기>[쇼핑] 롯데백화점 5% 할인 e-쿠폰        쿠폰 발행월 직전 6개월간 롯데백화점에서 30만원 이상 롯데카드 사용회원에 한하여 매월 1일 2매 제공 (쿠폰 발행월 말일까지 사용 가능)현금, 임대매장에서 이용한 카드금액은 이용실적 기준 제외할인 제외 : 세일상품, 식당, 슈퍼, 가전, 임대매장 등 일부 매장, 롯데아울렛, elLOTTE(롯데아울렛 매출은 실적산정 대상에 포함)롯데ON 5% 할인 (일부품목 제외)[여가·문화·외식] 롯데시네마 관람권 1,500원 환급 할인 (일 1회, 월 5회, 연 12회)롯데월드 본인 종합이용권 50% 현장할인 (월 1회, 연 6회 통합)T.G.I.FRiDAYS 10% 현장할인 (주류제외)일 1회 결제금액 20만원 (할인한도 2만원)까지 적용통신사 카드, 기타 할인권과 중복 할인 불가지난달 이용금액 (일시불, 할부)이 20만원이상인 회원님께 제공(신규회원님 최초 카드사용등록 월 포함 3개월 차 말일까지 실적 조건없이 제공)광주패밀리랜드 본인 자유이용권 50% 현장 할인서울랜드 본인 자유이용권 30% 현장 할인롯데리아, 엔제리너스커피, 나뚜루 1,000원당 50원 할인서비스의 실적 및 횟수 제한은 본인, 가족카드 및 복수카드 합산 적용됩니다.
<체크카드 안내>[체크카드 안내] /발급대상: 만 12세 이상의 제휴은행 계좌 보유 고객    만 12세~17세인 경우 법적 대리인 동의가 필요하며, 카드 발급은 롯데카드센터에서만 가능합니다./제휴은행: 신한, 우리, 국민, 농협, KEB하나, 기업, SC제일, 수협, 부산, 대구, 경남, 광주, 전북/ATM 현금인출: 은행 현금카드와 동일하게 은행 ATM에서 현금인출 가능현금인출 가능 은행: 신한, 우리자세한 내용은 롯데카드 홈페이지(www.lottecard.co.kr) → 카드 → 카드 발급·수령 → 이용안내 → 체크카드를 참고해주시기 바랍니다.
<경기도 청소년 교통비 지원 안내>[경기도 청소년 교통비 지원 안내] /지원대상: 경기도에 거주하는 만13 ~ 23세 청소년/지원금액: 반기별 최대 6만원(연간 12만원 한도 / 경기도 제공)/지원방법: 청소년 본인 명의의 지역화폐로 지원금 지급(만 13세는 부모님의 지역화폐로 지급)/신청자격: 신청일에 주민등록상 경기도에 거주하고 있으며 해당기간 내 경기도 대중교통을 이용한 청소년/지원범위: 경기버스(시내,마을)을 이용한 청소년(환승구간 중 경기대중교통이 포함되면 전체 교통비를 이용금액으로 인정)/제외대상: 청소년 교통비는 공적이전소득에 포함되어 청소년 교통비 지원금 신청 시 다른 정보 지원금 수급에 제한 및 자격 탈락이 있을 수 있습니다. 자세한 사항은 관할 행정복지센터(주민센터)에서 확인바랍니다.등록하기(바로가기)자세한 내용은 경기도 청소년 교통비 지원포털 사이트(www.gbuspb.kr)를 참고하시기 바랍니다.
",2024-03-17 15:24:37.776502,DebitCard
5,E1 LPG 롯데 체크카드,https://image.lottecard.co.kr/UploadFiles/ecenterPath/cdInfo/ecenterCdInfoC10670-A10670_nm1.jpg,"<적립>[E1 충전소 리터당 47 오렌지포인트 적립] /혜택: E1 LPG 충전소 리터당 47 오렌지포인트 적립/이용조건: 표의 칼럼은 지난달 이용대금 명세서상E1 LPG 롯데체크카드 이용금액, 적립 P, 적립포인트, 이용 조건 로 이루어져 있습니다.표의 칼럼은 지난달 이용대금 명세서상E1 LPG 롯데체크카드 이용금액, 적립 P, 적립포인트, 이용 조건 로 이루어져 있습니다.표의 1번째 행은 20만원이상, 리터당 47P, E1 오렌지 포인트, 일 1회 월 5회 회당 2만원이상 충전 시 적립충전금액 기준 일 15만원 월 30만원 한도적립기준 : ㈜ E1 지정고시 LPG 가격 기준 적용 로 이루어져 있습니다.카드사용등록 월 포함하여 3개월 동안은 지난달 이용금액에 관계없이 서비스가 제공됩니다.체크카드 이용 대금 명세서는 17일 결제일 기준이며, 롯데신용카드 소지회원은 신용결제일을 따릅니다. (회원당 결제일 1개)실적 산정 시 E1 LPG 롯데카드로 적립 받으신 매출 건은 제외됩니다.제휴사 사정에 따라 일부 E1 LPG충전소에서 적립 서비스가 적용되지 않을 수 있습니다.E1 오렌지 포인트 적립 서비스는 롯데카드와 E1의 서비스 비용 분담을 통해 제공되며 서비스 제공을 위해 고객님의 정보가 E1에 제공됩니다.E1 오렌지 포인트는 L.POINT와 별도로 E1이 관리하며, E1 오렌지 카드의 포인트 제도(포인트 유효기간 등) 및 부가혜택에 관한 자세한 사항은 E1 오렌지카드 홈페이지(www.e1orangecard.com)를 참고 바랍니다.본 서비스에 대한 포인트 적립은 E1 오렌지카드 홈페이지 또는 E1오렌지고객센터(1688-2121)를 통해서 확인 가능하십니다.E1 LPG 롯데 체크카드는 L.POINT 및 SK주유포인트 적립서비스가 제공되지 않습니다./E1 오렌지카드 고객센터 ☎ 1688-2121: E1 오렌지카드 홈페이지 바로가기
<멤버십>[E1 오렌지카드 서비스] /E1충전소 오렌지카드 회원 등급별 E1 오렌지포인트 추가 적립 및 사용: 일반회원(E1 오렌지카드 소지) 적립 : 전국 E1충전소 충전 시 1,000원당 4포인트 적립우수회원(일반회원 중 직전 1개월 충전실적이 190L를 넘는 회원) 적립 : 전국 E1충전소 충전 시 1,000원당 7포인트 적립E1 오렌지포인트 사용 : E1충전소 결제 시 현금과 동일한 비율(1포인트=1원)로 현금처럼 사용(1,000포인트 이상 적립 시 1포인트 단위로 사용 가능)/E1충전소 및 제휴가맹점 E1 오렌지카드 혜택: 제휴가맹점 할인 및 E1 오렌지포인트 적립/전환/사용 : G마켓, CU, 이마트, CGV, 알라딘, 반디앤루니스, AJ렌터카 등E1 오렌지카드 제휴가맹점 및 상세한 서비스내용은 E1 오렌지카드 홈페이지에서 확인 바랍니다./E1 LPG 전문 경정비 네트워크 서비스: 표의 칼럼은 구분, 내용 로 이루어져 있습니다.표의 칼럼은 구분, 내용 로 이루어져 있습니다.표의 1번째 행은 경정비 서비스, LPG누출점검 등 15개 항목 무료 점검3대 LPG 차량 정비항목 무료타르 제거 듀티값 조정 기화기 크리닝 (10만원 이상 정비시 무료 제공) 로 이루어져 있습니다.표의 2번째 행은 오렌지포인트 사용/적립, 오렌지포인트 사용1000포인트 단위 사용(사용한도 없음)오렌지포인트 적립결제 금액의 1% 적립(연 10000포인트 한도) 로 이루어져 있습니다.E1 LPG 전문 경정비 네트워크는 기존의 한국 가스안전공사 인증 LPG자동차 전문 경정비 업체에 LPG 전문기업 E1에서 자체 인증한 LPG자동차 경정비 업체를 추가하여 구성되어 있습니다.전국인정업체 상세 리스트는 E1 오렌지카드 홈페이지에서 확인 바랍니다./E1 LPG 전문 자동차 보험 (E1 에듀카 다이렉트 보험): E1충전소에서 LPG 충전 시 E1 오렌지포인트 2배 적립1,000원당 우수회원 14원/일반회원 8원 (월 1,500 포인트 한도)E1 오렌지포인트는 피보험자(차량등록증 상 소유자) 명의로 적립E1 LPG 롯데체크카드로 보험료 결제 시 결제금액의 1% E1 오렌지포인트 적립1인당 결제금액 기준 연 100만원 한도 (연 10,000포인트 한도)LPG 고갈 시 인근 충전소까지 거리 무제한 견인 (연5회)/E1 에듀카 다이렉트 보험 혜택을 받으려면?: 자격요건 : 피보험자가 오렌지카드 등록회원이어야 함가입경로 : E1오렌지카드 홈페이지/고객센터/모바일앱을 통해 에듀카에 개인정보 제공 후 가입혜택수혜 : 피보험자(차량등록증 상 소유자) 명의 오렌지카드로 적립됨이 카드는 E1오렌지카드와 통합 운용되며, 서비스 제공을 위해 E1에 개인정보가 제공됩니다./E1 오렌지카드 고객센터 ☎ 1688-2121: E1 오렌지카드 홈페이지 바로가기
<면제>[연회비 면제 및 SMS 무료 서비스] 평생 연회비가 면제되며, 카드 이용 안내 정보를 등록한 휴대폰으로 실시간 전송해 드리는 SMS 서비스는 무료 입니다.
",2024-03-17 15:24:38.144410,DebitCard
